assets.artemis_id,Custom.metrics,Count of assets.symbol
aave,24H_MC_CHG,1
aave,24H_MC_CHG_PCT,1
aave,24H_PRICE_CHG,1
aave,24H_PRICE_CHG_PCT,1
aave,24H_PRICE_HIGH,1
aave,24H_PRICE_LOW,1
aave,24H_VOLUME,1
aave,30D_PRICE_CHG_PCT,1
aave,30D_VOLUME,1
aave,7D_PRICE_CHG_PCT,1
aave,ATH,1
aave,ATH_CHG_PCT,1
aave,ATH_DATE,1
aave,ATL,1
aave,ATL_CHG_PCT,1
aave,ATL_DATE,1
aave,BORROWS,1
aave,CIRC_SUPPLY,1
aave,CMC,1
aave,DEPOSITS,1
aave,FDMC,1
aave,FDV,1
aave,MAX_SUPPLY,1
aave,MC,1
aave,PRICE,1
aave,TOT_SUPPLY,1
aave,WEEKLY_COMMITS_CORE,1
aave,WEEKLY_COMMITS_SUB,1
aave,WEEKLY_DEVS_CORE,1
aave,WEEKLY_DEVS_SUB,1
acala,24H_MC_CHG,1
acala,24H_MC_CHG_PCT,1
acala,24H_PRICE_CHG,1
acala,24H_PRICE_CHG_PCT,1
acala,24H_PRICE_HIGH,1
acala,24H_PRICE_LOW,1
acala,24H_VOLUME,1
acala,30D_PRICE_CHG_PCT,1
acala,30D_VOLUME,1
acala,7D_PRICE_CHG_PCT,1
acala,ATH,1
acala,ATH_CHG_PCT,1
acala,ATH_DATE,1
acala,ATL,1
acala,ATL_CHG_PCT,1
acala,ATL_DATE,1
acala,CIRC_SUPPLY,1
acala,CMC,1
acala,DAILY_TXNS,1
acala,DAU,1
acala,DEX_VOLUMES,1
acala,FDMC,1
acala,FDV,1
acala,FEES,1
acala,GAS_USD,1
acala,MAX_SUPPLY,1
acala,MC,1
acala,NEW_TWITTER_FOLLOWERS,1
acala,PRICE,1
acala,REVENUE,1
acala,TOT_SUPPLY,1
acala,TVL,1
acala,TWITTER_FOLLOWERS,1
acala,WEEKLY_COMMITS_CORE,1
acala,WEEKLY_COMMITS_SUB,1
acala,WEEKLY_DEVS_CORE,1
acala,WEEKLY_DEVS_SUB,1
across,24H_MC_CHG,1
across,24H_MC_CHG_PCT,1
across,24H_PRICE_CHG,1
across,24H_PRICE_CHG_PCT,1
across,24H_PRICE_HIGH,1
across,24H_PRICE_LOW,1
across,24H_VOLUME,1
across,30D_PRICE_CHG_PCT,1
across,30D_VOLUME,1
across,7D_PRICE_CHG_PCT,1
across,ATH,1
across,ATH_CHG_PCT,1
across,ATH_DATE,1
across,ATL,1
across,ATL_CHG_PCT,1
across,ATL_DATE,1
across,BRIDGE_DAU,1
across,BRIDGE_VOLUME,1
across,CIRC_SUPPLY,1
across,CMC,1
across,FDMC,1
across,FDV,1
across,FEES,1
across,INFLOW,1
across,MAX_SUPPLY,1
across,MC,1
across,OUTFLOW,1
across,PRICE,1
across,TOT_SUPPLY,1
across,TVL,1
across,WEEKLY_COMMITS_CORE,1
across,WEEKLY_DEVS_CORE,1
aevo,TRADING_VOLUME,1
aevo,TVL,1
altcoin,MC,1
aptos,24H_MC_CHG,1
aptos,24H_MC_CHG_PCT,1
aptos,24H_PRICE_CHG,1
aptos,24H_PRICE_CHG_PCT,1
aptos,24H_PRICE_HIGH,1
aptos,24H_PRICE_LOW,1
aptos,24H_VOLUME,1
aptos,30D_PRICE_CHG_PCT,1
aptos,30D_VOLUME,1
aptos,7D_PRICE_CHG_PCT,1
aptos,ATH,1
aptos,ATH_CHG_PCT,1
aptos,ATH_DATE,1
aptos,ATL,1
aptos,ATL_CHG_PCT,1
aptos,ATL_DATE,1
aptos,CIRC_SUPPLY,1
aptos,CMC,1
aptos,DAILY_TXNS,1
aptos,DAU,1
aptos,DEX_VOLUMES,1
aptos,FDMC,1
aptos,FDV,1
aptos,FEES,1
aptos,MAX_SUPPLY,1
aptos,MC,1
aptos,NEW_TWITTER_FOLLOWERS,1
aptos,PRICE,1
aptos,REVENUE,1
aptos,STABLECOIN_GROWTH,1
aptos,STABLECOIN_MC,1
aptos,TOT_SUPPLY,1
aptos,TVL,1
aptos,TWITTER_FOLLOWERS,1
aptos,WEEKLY_COMMITS_CORE,1
aptos,WEEKLY_COMMITS_SUB,1
aptos,WEEKLY_DEVS_CORE,1
aptos,WEEKLY_DEVS_SUB,1
arbitrum,24H_MC_CHG,1
arbitrum,24H_MC_CHG_PCT,1
arbitrum,24H_PRICE_CHG,1
arbitrum,24H_PRICE_CHG_PCT,1
arbitrum,24H_PRICE_HIGH,1
arbitrum,24H_PRICE_LOW,1
arbitrum,24H_VOLUME,1
arbitrum,30D_PRICE_CHG_PCT,1
arbitrum,30D_VOLUME,1
arbitrum,7D_PRICE_CHG_PCT,1
arbitrum,ATH,1
arbitrum,ATH_CHG_PCT,1
arbitrum,ATH_DATE,1
arbitrum,ATL,1
arbitrum,ATL_CHG_PCT,1
arbitrum,ATL_DATE,1
arbitrum,CIRC_SUPPLY,1
arbitrum,CMC,1
arbitrum,DAILY_TXNS,1
arbitrum,DAU,1
arbitrum,DAU_OVER_100,1
arbitrum,DEX_VOLUMES,1
arbitrum,FDMC,1
arbitrum,FDV,1
arbitrum,FEES,1
arbitrum,MAX_SUPPLY,1
arbitrum,MC,1
arbitrum,NEW_TWITTER_FOLLOWERS,1
arbitrum,PRICE,1
arbitrum,REVENUE,1
arbitrum,STABLECOIN_GROWTH,1
arbitrum,STABLECOIN_MC,1
arbitrum,TOT_SUPPLY,1
arbitrum,TVL,1
arbitrum,TWITTER_FOLLOWERS,1
arbitrum,WEEKLY_COMMITS_CORE,1
arbitrum,WEEKLY_COMMITS_SUB,1
arbitrum,WEEKLY_CONTRACTS_DEPLOYED,1
arbitrum,WEEKLY_DEVS_CORE,1
arbitrum,WEEKLY_DEVS_SUB,1
arbitrum,WEEKLY_UNIQUE_CONTRACT_DEPLOYERS,1
arbitrum_one_bridge,BRIDGE_DAU,1
arbitrum_one_bridge,BRIDGE_VOLUME,1
arbitrum_one_bridge,CUMULATIVE_NET_FLOW,1
arbitrum_one_bridge,INFLOW,1
arbitrum_one_bridge,OUTFLOW,1
arbitrum_one_bridge,TVL,1
aurory,24H_MC_CHG,1
aurory,24H_MC_CHG_PCT,1
aurory,24H_PRICE_CHG,1
aurory,24H_PRICE_CHG_PCT,1
aurory,24H_PRICE_HIGH,1
aurory,24H_PRICE_LOW,1
aurory,24H_VOLUME,1
aurory,30D_PRICE_CHG_PCT,1
aurory,30D_VOLUME,1
aurory,7D_PRICE_CHG_PCT,1
aurory,ATH,1
aurory,ATH_CHG_PCT,1
aurory,ATH_DATE,1
aurory,ATL,1
aurory,ATL_CHG_PCT,1
aurory,ATL_DATE,1
aurory,CIRC_SUPPLY,1
aurory,CMC,1
aurory,FDMC,1
aurory,FDV,1
aurory,MAX_SUPPLY,1
aurory,MC,1
aurory,NEW_TWITTER_FOLLOWERS,1
aurory,PRICE,1
aurory,TOT_SUPPLY,1
aurory,TWITTER_FOLLOWERS,1
avalanche,24H_MC_CHG,1
avalanche,24H_MC_CHG_PCT,1
avalanche,24H_PRICE_CHG,1
avalanche,24H_PRICE_CHG_PCT,1
avalanche,24H_PRICE_HIGH,1
avalanche,24H_PRICE_LOW,1
avalanche,24H_VOLUME,1
avalanche,30D_PRICE_CHG_PCT,1
avalanche,30D_VOLUME,1
avalanche,7D_PRICE_CHG_PCT,1
avalanche,ATH,1
avalanche,ATH_CHG_PCT,1
avalanche,ATH_DATE,1
avalanche,ATL,1
avalanche,ATL_CHG_PCT,1
avalanche,ATL_DATE,1
avalanche,CIRC_SUPPLY,1
avalanche,CMC,1
avalanche,DAILY_TXNS,1
avalanche,DAU,1
avalanche,DAU_OVER_100,1
avalanche,DEX_VOLUMES,1
avalanche,FDMC,1
avalanche,FDV,1
avalanche,FEES,1
avalanche,MAX_SUPPLY,1
avalanche,MC,1
avalanche,NEW_TWITTER_FOLLOWERS,1
avalanche,PRICE,1
avalanche,REVENUE,1
avalanche,STABLECOIN_GROWTH,1
avalanche,STABLECOIN_MC,1
avalanche,TOT_SUPPLY,1
avalanche,TVL,1
avalanche,TWITTER_FOLLOWERS,1
avalanche,WEEKLY_COMMITS_CORE,1
avalanche,WEEKLY_COMMITS_SUB,1
avalanche,WEEKLY_CONTRACTS_DEPLOYED,1
avalanche,WEEKLY_DEVS_CORE,1
avalanche,WEEKLY_DEVS_SUB,1
avalanche,WEEKLY_UNIQUE_CONTRACT_DEPLOYERS,1
avalanche_bridge,BRIDGE_DAU,1
avalanche_bridge,BRIDGE_VOLUME,1
avalanche_bridge,CUMULATIVE_NET_FLOW,1
avalanche_bridge,INFLOW,1
avalanche_bridge,OUTFLOW,1
avalanche_bridge,TVL,1
axelar,24H_MC_CHG,1
axelar,24H_MC_CHG_PCT,1
axelar,24H_PRICE_CHG,1
axelar,24H_PRICE_CHG_PCT,1
axelar,24H_PRICE_HIGH,1
axelar,24H_PRICE_LOW,1
axelar,24H_VOLUME,1
axelar,30D_PRICE_CHG_PCT,1
axelar,30D_VOLUME,1
axelar,7D_PRICE_CHG_PCT,1
axelar,ATH,1
axelar,ATH_CHG_PCT,1
axelar,ATH_DATE,1
axelar,ATL,1
axelar,ATL_CHG_PCT,1
axelar,ATL_DATE,1
axelar,CIRC_SUPPLY,1
axelar,CMC,1
axelar,DAILY_TXNS,1
axelar,DAU,1
axelar,FDMC,1
axelar,FDV,1
axelar,MAX_SUPPLY,1
axelar,MC,1
axelar,NEW_TWITTER_FOLLOWERS,1
axelar,PRICE,1
axelar,TOT_SUPPLY,1
axelar,TVL,1
axelar,TWITTER_FOLLOWERS,1
axelar,WEEKLY_COMMITS_CORE,1
axelar,WEEKLY_COMMITS_SUB,1
axelar,WEEKLY_DEVS_CORE,1
axelar,WEEKLY_DEVS_SUB,1
axie-infinity,24H_MC_CHG,1
axie-infinity,24H_MC_CHG_PCT,1
axie-infinity,24H_PRICE_CHG,1
axie-infinity,24H_PRICE_CHG_PCT,1
axie-infinity,24H_PRICE_HIGH,1
axie-infinity,24H_PRICE_LOW,1
axie-infinity,24H_VOLUME,1
axie-infinity,30D_PRICE_CHG_PCT,1
axie-infinity,30D_VOLUME,1
axie-infinity,7D_PRICE_CHG_PCT,1
axie-infinity,ATH,1
axie-infinity,ATH_CHG_PCT,1
axie-infinity,ATH_DATE,1
axie-infinity,ATL,1
axie-infinity,ATL_CHG_PCT,1
axie-infinity,ATL_DATE,1
axie-infinity,CIRC_SUPPLY,1
axie-infinity,CMC,1
axie-infinity,FDMC,1
axie-infinity,FDV,1
axie-infinity,MAX_SUPPLY,1
axie-infinity,MC,1
axie-infinity,NEW_TWITTER_FOLLOWERS,1
axie-infinity,PRICE,1
axie-infinity,TOT_SUPPLY,1
axie-infinity,TWITTER_FOLLOWERS,1
axie-infinity,WEEKLY_COMMITS_CORE,1
axie-infinity,WEEKLY_DEVS_CORE,1
base,DAILY_TXNS,1
base,DAU,1
base,DEX_VOLUMES,1
base,FEES,1
base,NEW_TWITTER_FOLLOWERS,1
base,REVENUE,1
base,STABLECOIN_GROWTH,1
base,STABLECOIN_MC,1
base,TVL,1
base,TWITTER_FOLLOWERS,1
base,WEEKLY_CONTRACTS_DEPLOYED,1
base,WEEKLY_UNIQUE_CONTRACT_DEPLOYERS,1
base_bridge,BRIDGE_DAU,1
base_bridge,BRIDGE_VOLUME,1
base_bridge,CUMULATIVE_NET_FLOW,1
base_bridge,INFLOW,1
base_bridge,OUTFLOW,1
base_bridge,TVL,1
benqi_finance,24H_MC_CHG,1
benqi_finance,24H_MC_CHG_PCT,1
benqi_finance,24H_PRICE_CHG,1
benqi_finance,24H_PRICE_CHG_PCT,1
benqi_finance,24H_PRICE_HIGH,1
benqi_finance,24H_PRICE_LOW,1
benqi_finance,24H_VOLUME,1
benqi_finance,30D_PRICE_CHG_PCT,1
benqi_finance,30D_VOLUME,1
benqi_finance,7D_PRICE_CHG_PCT,1
benqi_finance,ATH,1
benqi_finance,ATH_CHG_PCT,1
benqi_finance,ATH_DATE,1
benqi_finance,ATL,1
benqi_finance,ATL_CHG_PCT,1
benqi_finance,ATL_DATE,1
benqi_finance,BORROWS,1
benqi_finance,CIRC_SUPPLY,1
benqi_finance,CMC,1
benqi_finance,DEPOSITS,1
benqi_finance,FDMC,1
benqi_finance,FDV,1
benqi_finance,MAX_SUPPLY,1
benqi_finance,MC,1
benqi_finance,PRICE,1
benqi_finance,TOT_SUPPLY,1
benqi_finance,WEEKLY_COMMITS_CORE,1
benqi_finance,WEEKLY_DEVS_CORE,1
bitcoin,24H_MC_CHG,1
bitcoin,24H_MC_CHG_PCT,1
bitcoin,24H_PRICE_CHG,1
bitcoin,24H_PRICE_CHG_PCT,1
bitcoin,24H_PRICE_HIGH,1
bitcoin,24H_PRICE_LOW,1
bitcoin,24H_VOLUME,1
bitcoin,30D_PRICE_CHG_PCT,1
bitcoin,30D_VOLUME,1
bitcoin,7D_PRICE_CHG_PCT,1
bitcoin,ATH,1
bitcoin,ATH_CHG_PCT,1
bitcoin,ATH_DATE,1
bitcoin,ATL,1
bitcoin,ATL_CHG_PCT,1
bitcoin,ATL_DATE,1
bitcoin,AVG_TXN_FEE,1
bitcoin,CIRC_SUPPLY,1
bitcoin,CMC,1
bitcoin,DAILY_TXNS,1
bitcoin,DAU,1
bitcoin,DEX_VOLUMES,1
bitcoin,FDMC,1
bitcoin,FDV,1
bitcoin,FEES,1
bitcoin,MAX_SUPPLY,1
bitcoin,MC,1
bitcoin,NEW_TWITTER_FOLLOWERS,1
bitcoin,PRICE,1
bitcoin,REVENUE,1
bitcoin,TOT_SUPPLY,1
bitcoin,TVL,1
bitcoin,TWITTER_FOLLOWERS,1
bitcoin,WEEKLY_COMMITS_CORE,1
bitcoin,WEEKLY_COMMITS_SUB,1
bitcoin,WEEKLY_DEVS_CORE,1
bitcoin,WEEKLY_DEVS_SUB,1
bluefin,24H_MC_CHG,1
bluefin,24H_MC_CHG_PCT,1
bluefin,24H_PRICE_CHG,1
bluefin,24H_PRICE_CHG_PCT,1
bluefin,24H_PRICE_HIGH,1
bluefin,24H_PRICE_LOW,1
bluefin,24H_VOLUME,1
bluefin,30D_PRICE_CHG_PCT,1
bluefin,30D_VOLUME,1
bluefin,7D_PRICE_CHG_PCT,1
bluefin,ATH,1
bluefin,ATH_CHG_PCT,1
bluefin,ATH_DATE,1
bluefin,ATL,1
bluefin,ATL_CHG_PCT,1
bluefin,ATL_DATE,1
bluefin,CIRC_SUPPLY,1
bluefin,CMC,1
bluefin,FDMC,1
bluefin,FDV,1
bluefin,FEES,1
bluefin,MAX_SUPPLY,1
bluefin,MC,1
bluefin,PRICE,1
bluefin,TOT_SUPPLY,1
bluefin,TRADING_VOLUME,1
bluefin,TVL,1
bsc,24H_MC_CHG,1
bsc,24H_MC_CHG_PCT,1
bsc,24H_PRICE_CHG,1
bsc,24H_PRICE_CHG_PCT,1
bsc,24H_PRICE_HIGH,1
bsc,24H_PRICE_LOW,1
bsc,24H_VOLUME,1
bsc,30D_PRICE_CHG_PCT,1
bsc,30D_VOLUME,1
bsc,7D_PRICE_CHG_PCT,1
bsc,ATH,1
bsc,ATH_CHG_PCT,1
bsc,ATH_DATE,1
bsc,ATL,1
bsc,ATL_CHG_PCT,1
bsc,ATL_DATE,1
bsc,CIRC_SUPPLY,1
bsc,CMC,1
bsc,DAILY_TXNS,1
bsc,DAU,1
bsc,DAU_OVER_100,1
bsc,DEX_VOLUMES,1
bsc,FDMC,1
bsc,FDV,1
bsc,FEES,1
bsc,MAX_SUPPLY,1
bsc,MC,1
bsc,NEW_TWITTER_FOLLOWERS,1
bsc,PRICE,1
bsc,REVENUE,1
bsc,STABLECOIN_GROWTH,1
bsc,STABLECOIN_MC,1
bsc,TOT_SUPPLY,1
bsc,TVL,1
bsc,TWITTER_FOLLOWERS,1
bsc,WEEKLY_COMMITS_CORE,1
bsc,WEEKLY_COMMITS_SUB,1
bsc,WEEKLY_CONTRACTS_DEPLOYED,1
bsc,WEEKLY_DEVS_CORE,1
bsc,WEEKLY_DEVS_SUB,1
bsc,WEEKLY_UNIQUE_CONTRACT_DEPLOYERS,1
canto,24H_MC_CHG,1
canto,24H_MC_CHG_PCT,1
canto,24H_PRICE_CHG,1
canto,24H_PRICE_CHG_PCT,1
canto,24H_PRICE_HIGH,1
canto,24H_PRICE_LOW,1
canto,24H_VOLUME,1
canto,30D_PRICE_CHG_PCT,1
canto,30D_VOLUME,1
canto,7D_PRICE_CHG_PCT,1
canto,ATH,1
canto,ATH_CHG_PCT,1
canto,ATH_DATE,1
canto,ATL,1
canto,ATL_CHG_PCT,1
canto,ATL_DATE,1
canto,CIRC_SUPPLY,1
canto,CMC,1
canto,DEX_VOLUMES,1
canto,FDMC,1
canto,FDV,1
canto,FEES,1
canto,MAX_SUPPLY,1
canto,MC,1
canto,PRICE,1
canto,STABLECOIN_GROWTH,1
canto,STABLECOIN_MC,1
canto,TOT_SUPPLY,1
canto,TVL,1
canto,WEEKLY_COMMITS_CORE,1
canto,WEEKLY_COMMITS_SUB,1
canto,WEEKLY_DEVS_CORE,1
canto,WEEKLY_DEVS_SUB,1
cardano,24H_MC_CHG,1
cardano,24H_MC_CHG_PCT,1
cardano,24H_PRICE_CHG,1
cardano,24H_PRICE_CHG_PCT,1
cardano,24H_PRICE_HIGH,1
cardano,24H_PRICE_LOW,1
cardano,24H_VOLUME,1
cardano,30D_PRICE_CHG_PCT,1
cardano,30D_VOLUME,1
cardano,7D_PRICE_CHG_PCT,1
cardano,ATH,1
cardano,ATH_CHG_PCT,1
cardano,ATH_DATE,1
cardano,ATL,1
cardano,ATL_CHG_PCT,1
cardano,ATL_DATE,1
cardano,CIRC_SUPPLY,1
cardano,CMC,1
cardano,DAILY_TXNS,1
cardano,DAU,1
cardano,DEX_VOLUMES,1
cardano,FDMC,1
cardano,FDV,1
cardano,FEES,1
cardano,MAX_SUPPLY,1
cardano,MC,1
cardano,NEW_TWITTER_FOLLOWERS,1
cardano,PRICE,1
cardano,REVENUE,1
cardano,STABLECOIN_GROWTH,1
cardano,STABLECOIN_MC,1
cardano,TOT_SUPPLY,1
cardano,TVL,1
cardano,TWITTER_FOLLOWERS,1
cardano,WEEKLY_COMMITS_CORE,1
cardano,WEEKLY_COMMITS_SUB,1
cardano,WEEKLY_DEVS_CORE,1
cardano,WEEKLY_DEVS_SUB,1
celestia,24H_MC_CHG,1
celestia,24H_MC_CHG_PCT,1
celestia,24H_PRICE_CHG,1
celestia,24H_PRICE_CHG_PCT,1
celestia,24H_PRICE_HIGH,1
celestia,24H_PRICE_LOW,1
celestia,24H_VOLUME,1
celestia,30D_PRICE_CHG_PCT,1
celestia,30D_VOLUME,1
celestia,7D_PRICE_CHG_PCT,1
celestia,ATH,1
celestia,ATH_CHG_PCT,1
celestia,ATH_DATE,1
celestia,ATL,1
celestia,ATL_CHG_PCT,1
celestia,ATL_DATE,1
celestia,CIRC_SUPPLY,1
celestia,CMC,1
celestia,DAILY_TXNS,1
celestia,FDMC,1
celestia,FDV,1
celestia,MAX_SUPPLY,1
celestia,MC,1
celestia,MINTS,1
celestia,PRICE,1
celestia,TOT_SUPPLY,1
celestia,WEEKLY_COMMITS_CORE,1
celestia,WEEKLY_COMMITS_SUB,1
celestia,WEEKLY_DEVS_CORE,1
celestia,WEEKLY_DEVS_SUB,1
chiliz,24H_MC_CHG,1
chiliz,24H_MC_CHG_PCT,1
chiliz,24H_PRICE_CHG,1
chiliz,24H_PRICE_CHG_PCT,1
chiliz,24H_PRICE_HIGH,1
chiliz,24H_PRICE_LOW,1
chiliz,24H_VOLUME,1
chiliz,30D_PRICE_CHG_PCT,1
chiliz,30D_VOLUME,1
chiliz,7D_PRICE_CHG_PCT,1
chiliz,ATH,1
chiliz,ATH_CHG_PCT,1
chiliz,ATH_DATE,1
chiliz,ATL,1
chiliz,ATL_CHG_PCT,1
chiliz,ATL_DATE,1
chiliz,CIRC_SUPPLY,1
chiliz,CMC,1
chiliz,FDMC,1
chiliz,FDV,1
chiliz,MAX_SUPPLY,1
chiliz,MC,1
chiliz,PRICE,1
chiliz,TOT_SUPPLY,1
chiliz,TRADING_VOLUME,1
chiliz,WEEKLY_COMMITS_CORE,1
chiliz,WEEKLY_DEVS_CORE,1
compound,24H_MC_CHG,1
compound,24H_MC_CHG_PCT,1
compound,24H_PRICE_CHG,1
compound,24H_PRICE_CHG_PCT,1
compound,24H_PRICE_HIGH,1
compound,24H_PRICE_LOW,1
compound,24H_VOLUME,1
compound,30D_PRICE_CHG_PCT,1
compound,30D_VOLUME,1
compound,7D_PRICE_CHG_PCT,1
compound,ATH,1
compound,ATH_CHG_PCT,1
compound,ATH_DATE,1
compound,ATL,1
compound,ATL_CHG_PCT,1
compound,ATL_DATE,1
compound,BORROWS,1
compound,CIRC_SUPPLY,1
compound,CMC,1
compound,DEPOSITS,1
compound,FDMC,1
compound,FDV,1
compound,MAX_SUPPLY,1
compound,MC,1
compound,PRICE,1
compound,TOT_SUPPLY,1
compound,WEEKLY_COMMITS_CORE,1
compound,WEEKLY_DEVS_CORE,1
cosmoshub,24H_MC_CHG,1
cosmoshub,24H_MC_CHG_PCT,1
cosmoshub,24H_PRICE_CHG,1
cosmoshub,24H_PRICE_CHG_PCT,1
cosmoshub,24H_PRICE_HIGH,1
cosmoshub,24H_PRICE_LOW,1
cosmoshub,24H_VOLUME,1
cosmoshub,30D_PRICE_CHG_PCT,1
cosmoshub,30D_VOLUME,1
cosmoshub,7D_PRICE_CHG_PCT,1
cosmoshub,ATH,1
cosmoshub,ATH_CHG_PCT,1
cosmoshub,ATH_DATE,1
cosmoshub,ATL,1
cosmoshub,ATL_CHG_PCT,1
cosmoshub,ATL_DATE,1
cosmoshub,CIRC_SUPPLY,1
cosmoshub,CMC,1
cosmoshub,DAILY_TXNS,1
cosmoshub,DAU,1
cosmoshub,FDMC,1
cosmoshub,FDV,1
cosmoshub,FEES,1
cosmoshub,MAX_SUPPLY,1
cosmoshub,MC,1
cosmoshub,NEW_TWITTER_FOLLOWERS,1
cosmoshub,PRICE,1
cosmoshub,REVENUE,1
cosmoshub,TOT_SUPPLY,1
cosmoshub,TVL,1
cosmoshub,TWITTER_FOLLOWERS,1
cosmoshub,WEEKLY_COMMITS_CORE,1
cosmoshub,WEEKLY_COMMITS_SUB,1
cosmoshub,WEEKLY_DEVS_CORE,1
cosmoshub,WEEKLY_DEVS_SUB,1
crypto-raiders,24H_MC_CHG,1
crypto-raiders,24H_MC_CHG_PCT,1
crypto-raiders,24H_PRICE_CHG,1
crypto-raiders,24H_PRICE_CHG_PCT,1
crypto-raiders,24H_PRICE_HIGH,1
crypto-raiders,24H_PRICE_LOW,1
crypto-raiders,24H_VOLUME,1
crypto-raiders,30D_PRICE_CHG_PCT,1
crypto-raiders,30D_VOLUME,1
crypto-raiders,7D_PRICE_CHG_PCT,1
crypto-raiders,ATH,1
crypto-raiders,ATH_CHG_PCT,1
crypto-raiders,ATH_DATE,1
crypto-raiders,ATL,1
crypto-raiders,ATL_CHG_PCT,1
crypto-raiders,ATL_DATE,1
crypto-raiders,CIRC_SUPPLY,1
crypto-raiders,CMC,1
crypto-raiders,FDMC,1
crypto-raiders,FDV,1
crypto-raiders,MAX_SUPPLY,1
crypto-raiders,MC,1
crypto-raiders,NEW_TWITTER_FOLLOWERS,1
crypto-raiders,PRICE,1
crypto-raiders,TOT_SUPPLY,1
crypto-raiders,TWITTER_FOLLOWERS,1
curve,24H_MC_CHG,1
curve,24H_MC_CHG_PCT,1
curve,24H_PRICE_CHG,1
curve,24H_PRICE_CHG_PCT,1
curve,24H_PRICE_HIGH,1
curve,24H_PRICE_LOW,1
curve,24H_VOLUME,1
curve,30D_PRICE_CHG_PCT,1
curve,30D_VOLUME,1
curve,7D_PRICE_CHG_PCT,1
curve,ATH,1
curve,ATH_CHG_PCT,1
curve,ATH_DATE,1
curve,ATL,1
curve,ATL_CHG_PCT,1
curve,ATL_DATE,1
curve,CIRC_SUPPLY,1
curve,CMC,1
curve,FDMC,1
curve,FDV,1
curve,FEES,1
curve,MAX_SUPPLY,1
curve,MC,1
curve,PRICE,1
curve,TOT_SUPPLY,1
curve,TRADING_VOLUME,1
curve,TVL,1
curve,UNIQUE_TRADERS,1
curve,WEEKLY_COMMITS_CORE,1
curve,WEEKLY_COMMITS_SUB,1
curve,WEEKLY_DEVS_CORE,1
curve,WEEKLY_DEVS_SUB,1
decentraland,24H_MC_CHG,1
decentraland,24H_MC_CHG_PCT,1
decentraland,24H_PRICE_CHG,1
decentraland,24H_PRICE_CHG_PCT,1
decentraland,24H_PRICE_HIGH,1
decentraland,24H_PRICE_LOW,1
decentraland,24H_VOLUME,1
decentraland,30D_PRICE_CHG_PCT,1
decentraland,30D_VOLUME,1
decentraland,7D_PRICE_CHG_PCT,1
decentraland,ATH,1
decentraland,ATH_CHG_PCT,1
decentraland,ATH_DATE,1
decentraland,ATL,1
decentraland,ATL_CHG_PCT,1
decentraland,ATL_DATE,1
decentraland,CIRC_SUPPLY,1
decentraland,CMC,1
decentraland,FDMC,1
decentraland,FDV,1
decentraland,MAX_SUPPLY,1
decentraland,MC,1
decentraland,NEW_TWITTER_FOLLOWERS,1
decentraland,PRICE,1
decentraland,TOT_SUPPLY,1
decentraland,TWITTER_FOLLOWERS,1
decentraland,WEEKLY_COMMITS_CORE,1
decentraland,WEEKLY_COMMITS_SUB,1
decentraland,WEEKLY_DEVS_CORE,1
decentraland,WEEKLY_DEVS_SUB,1
decentral-games,24H_MC_CHG,1
decentral-games,24H_MC_CHG_PCT,1
decentral-games,24H_PRICE_CHG,1
decentral-games,24H_PRICE_CHG_PCT,1
decentral-games,24H_PRICE_HIGH,1
decentral-games,24H_PRICE_LOW,1
decentral-games,24H_VOLUME,1
decentral-games,30D_PRICE_CHG_PCT,1
decentral-games,30D_VOLUME,1
decentral-games,7D_PRICE_CHG_PCT,1
decentral-games,ATH,1
decentral-games,ATH_CHG_PCT,1
decentral-games,ATH_DATE,1
decentral-games,ATL,1
decentral-games,ATL_CHG_PCT,1
decentral-games,ATL_DATE,1
decentral-games,CIRC_SUPPLY,1
decentral-games,CMC,1
decentral-games,FDMC,1
decentral-games,FDV,1
decentral-games,MAX_SUPPLY,1
decentral-games,MC,1
decentral-games,PRICE,1
decentral-games,TOT_SUPPLY,1
decentral-games,WEEKLY_COMMITS_CORE,1
decentral-games,WEEKLY_DEVS_CORE,1
defi,,1
defi-kingdoms,24H_MC_CHG,1
defi-kingdoms,24H_MC_CHG_PCT,1
defi-kingdoms,24H_PRICE_CHG,1
defi-kingdoms,24H_PRICE_CHG_PCT,1
defi-kingdoms,24H_PRICE_HIGH,1
defi-kingdoms,24H_PRICE_LOW,1
defi-kingdoms,24H_VOLUME,1
defi-kingdoms,30D_PRICE_CHG_PCT,1
defi-kingdoms,30D_VOLUME,1
defi-kingdoms,7D_PRICE_CHG_PCT,1
defi-kingdoms,ATH,1
defi-kingdoms,ATH_CHG_PCT,1
defi-kingdoms,ATH_DATE,1
defi-kingdoms,ATL,1
defi-kingdoms,ATL_CHG_PCT,1
defi-kingdoms,ATL_DATE,1
defi-kingdoms,CIRC_SUPPLY,1
defi-kingdoms,CMC,1
defi-kingdoms,DEX_VOLUMES,1
defi-kingdoms,FDMC,1
defi-kingdoms,FDV,1
defi-kingdoms,MAX_SUPPLY,1
defi-kingdoms,MC,1
defi-kingdoms,NEW_TWITTER_FOLLOWERS,1
defi-kingdoms,PRICE,1
defi-kingdoms,TOT_SUPPLY,1
defi-kingdoms,TVL,1
defi-kingdoms,TWITTER_FOLLOWERS,1
defi-kingdoms,WEEKLY_COMMITS_CORE,1
defi-kingdoms,WEEKLY_DEVS_CORE,1
defi-kingdoms-crystal,24H_MC_CHG,1
defi-kingdoms-crystal,24H_MC_CHG_PCT,1
defi-kingdoms-crystal,24H_PRICE_CHG,1
defi-kingdoms-crystal,24H_PRICE_CHG_PCT,1
defi-kingdoms-crystal,24H_PRICE_HIGH,1
defi-kingdoms-crystal,24H_PRICE_LOW,1
defi-kingdoms-crystal,24H_VOLUME,1
defi-kingdoms-crystal,30D_PRICE_CHG_PCT,1
defi-kingdoms-crystal,30D_VOLUME,1
defi-kingdoms-crystal,7D_PRICE_CHG_PCT,1
defi-kingdoms-crystal,ATH,1
defi-kingdoms-crystal,ATH_CHG_PCT,1
defi-kingdoms-crystal,ATH_DATE,1
defi-kingdoms-crystal,ATL,1
defi-kingdoms-crystal,ATL_CHG_PCT,1
defi-kingdoms-crystal,ATL_DATE,1
defi-kingdoms-crystal,CIRC_SUPPLY,1
defi-kingdoms-crystal,CMC,1
defi-kingdoms-crystal,FDMC,1
defi-kingdoms-crystal,FDV,1
defi-kingdoms-crystal,MAX_SUPPLY,1
defi-kingdoms-crystal,MC,1
defi-kingdoms-crystal,NEW_TWITTER_FOLLOWERS,1
defi-kingdoms-crystal,PRICE,1
defi-kingdoms-crystal,TOT_SUPPLY,1
defi-kingdoms-crystal,TWITTER_FOLLOWERS,1
drift,DEX_VOLUMES,1
drift,TRADING_VOLUME,1
drift,TVL,1
drift,UNIQUE_TRADERS,1
drift,WEEKLY_COMMITS_CORE,1
drift,WEEKLY_DEVS_CORE,1
dydx,24H_MC_CHG,1
dydx,24H_MC_CHG_PCT,1
dydx,24H_PRICE_CHG,1
dydx,24H_PRICE_CHG_PCT,1
dydx,24H_PRICE_HIGH,1
dydx,24H_PRICE_LOW,1
dydx,24H_VOLUME,1
dydx,30D_PRICE_CHG_PCT,1
dydx,30D_VOLUME,1
dydx,7D_PRICE_CHG_PCT,1
dydx,ATH,1
dydx,ATH_CHG_PCT,1
dydx,ATH_DATE,1
dydx,ATL,1
dydx,ATL_CHG_PCT,1
dydx,ATL_DATE,1
dydx,CIRC_SUPPLY,1
dydx,CMC,1
dydx,FDMC,1
dydx,FDV,1
dydx,MAX_SUPPLY,1
dydx,MC,1
dydx,PRICE,1
dydx,TOT_SUPPLY,1
dydx,TRADING_VOLUME,1
dydx,UNIQUE_TRADERS,1
dydx,WEEKLY_COMMITS_CORE,1
dydx,WEEKLY_COMMITS_SUB,1
dydx,WEEKLY_DEVS_CORE,1
dydx,WEEKLY_DEVS_SUB,1
dydx_v4,24H_MC_CHG,1
dydx_v4,24H_MC_CHG_PCT,1
dydx_v4,24H_PRICE_CHG,1
dydx_v4,24H_PRICE_CHG_PCT,1
dydx_v4,24H_PRICE_HIGH,1
dydx_v4,24H_PRICE_LOW,1
dydx_v4,24H_VOLUME,1
dydx_v4,30D_PRICE_CHG_PCT,1
dydx_v4,30D_VOLUME,1
dydx_v4,7D_PRICE_CHG_PCT,1
dydx_v4,ATH,1
dydx_v4,ATH_CHG_PCT,1
dydx_v4,ATH_DATE,1
dydx_v4,ATL,1
dydx_v4,ATL_CHG_PCT,1
dydx_v4,ATL_DATE,1
dydx_v4,CIRC_SUPPLY,1
dydx_v4,CMC,1
dydx_v4,FDMC,1
dydx_v4,FDV,1
dydx_v4,FEES,1
dydx_v4,MAX_SUPPLY,1
dydx_v4,MC,1
dydx_v4,PRICE,1
dydx_v4,TOT_SUPPLY,1
dydx_v4,TRADING_FEES,1
dydx_v4,TRADING_VOLUME,1
dydx_v4,TXN_FEES,1
dydx_v4,UNIQUE_TRADERS,1
ethereum,24H_MC_CHG,1
ethereum,24H_MC_CHG_PCT,1
ethereum,24H_PRICE_CHG,1
ethereum,24H_PRICE_CHG_PCT,1
ethereum,24H_PRICE_HIGH,1
ethereum,24H_PRICE_LOW,1
ethereum,24H_VOLUME,1
ethereum,30D_PRICE_CHG_PCT,1
ethereum,30D_VOLUME,1
ethereum,7D_PRICE_CHG_PCT,1
ethereum,ATH,1
ethereum,ATH_CHG_PCT,1
ethereum,ATH_DATE,1
ethereum,ATL,1
ethereum,ATL_CHG_PCT,1
ethereum,ATL_DATE,1
ethereum,AVG_TXN_FEE,1
ethereum,CIRC_SUPPLY,1
ethereum,CMC,1
ethereum,DAILY_TXNS,1
ethereum,DAU,1
ethereum,DAU_OVER_100,1
ethereum,DEX_VOLUMES,1
ethereum,FDMC,1
ethereum,FDV,1
ethereum,FEES,1
ethereum,MAX_SUPPLY,1
ethereum,MC,1
ethereum,NEW_TWITTER_FOLLOWERS,1
ethereum,PRICE,1
ethereum,REVENUE,1
ethereum,STABLECOIN_GROWTH,1
ethereum,STABLECOIN_MC,1
ethereum,TOT_SUPPLY,1
ethereum,TVL,1
ethereum,TWITTER_FOLLOWERS,1
ethereum,VERIFIED_CONTRACTS,1
ethereum,WEEKLY_COMMITS_CORE,1
ethereum,WEEKLY_COMMITS_SUB,1
ethereum,WEEKLY_CONTRACTS_DEPLOYED,1
ethereum,WEEKLY_DEVS_CORE,1
ethereum,WEEKLY_DEVS_SUB,1
ethereum,WEEKLY_UNIQUE_CONTRACT_DEPLOYERS,1
fantom,24H_MC_CHG,1
fantom,24H_MC_CHG_PCT,1
fantom,24H_PRICE_CHG,1
fantom,24H_PRICE_CHG_PCT,1
fantom,24H_PRICE_HIGH,1
fantom,24H_PRICE_LOW,1
fantom,24H_VOLUME,1
fantom,30D_PRICE_CHG_PCT,1
fantom,30D_VOLUME,1
fantom,7D_PRICE_CHG_PCT,1
fantom,ATH,1
fantom,ATH_CHG_PCT,1
fantom,ATH_DATE,1
fantom,ATL,1
fantom,ATL_CHG_PCT,1
fantom,ATL_DATE,1
fantom,CIRC_SUPPLY,1
fantom,CMC,1
fantom,DAILY_TXNS,1
fantom,DAU,1
fantom,DEX_VOLUMES,1
fantom,FDMC,1
fantom,FDV,1
fantom,FEES,1
fantom,MAX_SUPPLY,1
fantom,MC,1
fantom,NEW_TWITTER_FOLLOWERS,1
fantom,PRICE,1
fantom,REVENUE,1
fantom,STABLECOIN_GROWTH,1
fantom,STABLECOIN_MC,1
fantom,TOT_SUPPLY,1
fantom,TVL,1
fantom,TWITTER_FOLLOWERS,1
fantom,WEEKLY_COMMITS_CORE,1
fantom,WEEKLY_COMMITS_SUB,1
fantom,WEEKLY_CONTRACTS_DEPLOYED,1
fantom,WEEKLY_DEVS_CORE,1
fantom,WEEKLY_DEVS_SUB,1
fantom,WEEKLY_UNIQUE_CONTRACT_DEPLOYERS,1
flow,24H_MC_CHG,1
flow,24H_MC_CHG_PCT,1
flow,24H_PRICE_CHG,1
flow,24H_PRICE_CHG_PCT,1
flow,24H_PRICE_HIGH,1
flow,24H_PRICE_LOW,1
flow,24H_VOLUME,1
flow,30D_PRICE_CHG_PCT,1
flow,30D_VOLUME,1
flow,7D_PRICE_CHG_PCT,1
flow,ATH,1
flow,ATH_CHG_PCT,1
flow,ATH_DATE,1
flow,ATL,1
flow,ATL_CHG_PCT,1
flow,ATL_DATE,1
flow,CIRC_SUPPLY,1
flow,CMC,1
flow,DAILY_TXNS,1
flow,DAU,1
flow,DEX_VOLUMES,1
flow,FDMC,1
flow,FDV,1
flow,FEES,1
flow,MAX_SUPPLY,1
flow,MC,1
flow,NEW_TWITTER_FOLLOWERS,1
flow,PRICE,1
flow,REVENUE,1
flow,STABLECOIN_GROWTH,1
flow,STABLECOIN_MC,1
flow,TOT_SUPPLY,1
flow,TVL,1
flow,TWITTER_FOLLOWERS,1
flow,WEEKLY_COMMITS_CORE,1
flow,WEEKLY_COMMITS_SUB,1
flow,WEEKLY_DEVS_CORE,1
flow,WEEKLY_DEVS_SUB,1
frax,24H_MC_CHG,1
frax,24H_MC_CHG_PCT,1
frax,24H_PRICE_CHG,1
frax,24H_PRICE_CHG_PCT,1
frax,24H_PRICE_HIGH,1
frax,24H_PRICE_LOW,1
frax,24H_VOLUME,1
frax,30D_PRICE_CHG_PCT,1
frax,30D_VOLUME,1
frax,7D_PRICE_CHG_PCT,1
frax,AMT_STAKED_USD,1
frax,AMT_STAKED_USD_INFLOW,1
frax,ATH,1
frax,ATH_CHG_PCT,1
frax,ATH_DATE,1
frax,ATL,1
frax,ATL_CHG_PCT,1
frax,ATL_DATE,1
frax,CIRC_SUPPLY,1
frax,CMC,1
frax,FDMC,1
frax,FDV,1
frax,MAX_SUPPLY,1
frax,MC,1
frax,PRICE,1
frax,STAKED_ETH,1
frax,STAKED_ETH_INFLOW,1
frax,TOT_SUPPLY,1
frax,WEEKLY_COMMITS_CORE,1
frax,WEEKLY_DEVS_CORE,1
fraxswap,24H_MC_CHG,1
fraxswap,24H_MC_CHG_PCT,1
fraxswap,24H_PRICE_CHG,1
fraxswap,24H_PRICE_CHG_PCT,1
fraxswap,24H_PRICE_HIGH,1
fraxswap,24H_PRICE_LOW,1
fraxswap,24H_VOLUME,1
fraxswap,30D_PRICE_CHG_PCT,1
fraxswap,30D_VOLUME,1
fraxswap,7D_PRICE_CHG_PCT,1
fraxswap,ATH,1
fraxswap,ATH_CHG_PCT,1
fraxswap,ATH_DATE,1
fraxswap,ATL,1
fraxswap,ATL_CHG_PCT,1
fraxswap,ATL_DATE,1
fraxswap,CIRC_SUPPLY,1
fraxswap,CMC,1
fraxswap,FDMC,1
fraxswap,FDV,1
fraxswap,FEES,1
fraxswap,MAX_SUPPLY,1
fraxswap,MC,1
fraxswap,PRICE,1
fraxswap,TOT_SUPPLY,1
fraxswap,TRADING_VOLUME,1
fraxswap,TVL,1
fraxswap,UNIQUE_TRADERS,1
fuse,24H_MC_CHG,1
fuse,24H_MC_CHG_PCT,1
fuse,24H_PRICE_CHG,1
fuse,24H_PRICE_CHG_PCT,1
fuse,24H_PRICE_HIGH,1
fuse,24H_PRICE_LOW,1
fuse,24H_VOLUME,1
fuse,30D_PRICE_CHG_PCT,1
fuse,30D_VOLUME,1
fuse,7D_PRICE_CHG_PCT,1
fuse,ATH,1
fuse,ATH_CHG_PCT,1
fuse,ATH_DATE,1
fuse,ATL,1
fuse,ATL_CHG_PCT,1
fuse,ATL_DATE,1
fuse,CIRC_SUPPLY,1
fuse,CMC,1
fuse,DAILY_TXNS,1
fuse,DAU,1
fuse,DEX_VOLUMES,1
fuse,FDMC,1
fuse,FDV,1
fuse,FEES,1
fuse,MAX_SUPPLY,1
fuse,MC,1
fuse,NEW_TWITTER_FOLLOWERS,1
fuse,PRICE,1
fuse,STABLECOIN_GROWTH,1
fuse,STABLECOIN_MC,1
fuse,TOT_SUPPLY,1
fuse,TVL,1
fuse,TWITTER_FOLLOWERS,1
fuse,WEEKLY_COMMITS_CORE,1
fuse,WEEKLY_DEVS_CORE,1
gains-network,24H_MC_CHG,1
gains-network,24H_MC_CHG_PCT,1
gains-network,24H_PRICE_CHG,1
gains-network,24H_PRICE_CHG_PCT,1
gains-network,24H_PRICE_HIGH,1
gains-network,24H_PRICE_LOW,1
gains-network,24H_VOLUME,1
gains-network,30D_PRICE_CHG_PCT,1
gains-network,30D_VOLUME,1
gains-network,7D_PRICE_CHG_PCT,1
gains-network,ATH,1
gains-network,ATH_CHG_PCT,1
gains-network,ATH_DATE,1
gains-network,ATL,1
gains-network,ATL_CHG_PCT,1
gains-network,ATL_DATE,1
gains-network,CIRC_SUPPLY,1
gains-network,CMC,1
gains-network,FDMC,1
gains-network,FDV,1
gains-network,FEES,1
gains-network,MAX_SUPPLY,1
gains-network,MC,1
gains-network,PRICE,1
gains-network,REVENUE,1
gains-network,TOT_SUPPLY,1
gains-network,TRADING_VOLUME,1
gains-network,TVL,1
gains-network,UNIQUE_TRADERS,1
gala,24H_MC_CHG,1
gala,24H_MC_CHG_PCT,1
gala,24H_PRICE_CHG,1
gala,24H_PRICE_CHG_PCT,1
gala,24H_PRICE_HIGH,1
gala,24H_PRICE_LOW,1
gala,24H_VOLUME,1
gala,30D_PRICE_CHG_PCT,1
gala,30D_VOLUME,1
gala,7D_PRICE_CHG_PCT,1
gala,ATH,1
gala,ATH_CHG_PCT,1
gala,ATH_DATE,1
gala,ATL,1
gala,ATL_CHG_PCT,1
gala,ATL_DATE,1
gala,CIRC_SUPPLY,1
gala,CMC,1
gala,FDMC,1
gala,FDV,1
gala,MAX_SUPPLY,1
gala,MC,1
gala,NEW_TWITTER_FOLLOWERS,1
gala,PRICE,1
gala,TOT_SUPPLY,1
gala,TWITTER_FOLLOWERS,1
gmx,24H_MC_CHG,1
gmx,24H_MC_CHG_PCT,1
gmx,24H_PRICE_CHG,1
gmx,24H_PRICE_CHG_PCT,1
gmx,24H_PRICE_HIGH,1
gmx,24H_PRICE_LOW,1
gmx,24H_VOLUME,1
gmx,30D_PRICE_CHG_PCT,1
gmx,30D_VOLUME,1
gmx,7D_PRICE_CHG_PCT,1
gmx,ATH,1
gmx,ATH_CHG_PCT,1
gmx,ATH_DATE,1
gmx,ATL,1
gmx,ATL_CHG_PCT,1
gmx,ATL_DATE,1
gmx,CIRC_SUPPLY,1
gmx,CMC,1
gmx,FDMC,1
gmx,FDV,1
gmx,MAX_SUPPLY,1
gmx,MC,1
gmx,PRICE,1
gmx,TOT_SUPPLY,1
gmx,TRADING_VOLUME,1
gmx,UNIQUE_TRADERS,1
gmx,WEEKLY_COMMITS_CORE,1
gmx,WEEKLY_DEVS_CORE,1
gmx-v2,24H_MC_CHG,1
gmx-v2,24H_MC_CHG_PCT,1
gmx-v2,24H_PRICE_CHG,1
gmx-v2,24H_PRICE_CHG_PCT,1
gmx-v2,24H_PRICE_HIGH,1
gmx-v2,24H_PRICE_LOW,1
gmx-v2,24H_VOLUME,1
gmx-v2,30D_PRICE_CHG_PCT,1
gmx-v2,30D_VOLUME,1
gmx-v2,7D_PRICE_CHG_PCT,1
gmx-v2,ATH,1
gmx-v2,ATH_CHG_PCT,1
gmx-v2,ATH_DATE,1
gmx-v2,ATL,1
gmx-v2,ATL_CHG_PCT,1
gmx-v2,ATL_DATE,1
gmx-v2,CIRC_SUPPLY,1
gmx-v2,CMC,1
gmx-v2,FDMC,1
gmx-v2,FDV,1
gmx-v2,MAX_SUPPLY,1
gmx-v2,MC,1
gmx-v2,PRICE,1
gmx-v2,TOT_SUPPLY,1
gnosis,24H_MC_CHG,1
gnosis,24H_MC_CHG_PCT,1
gnosis,24H_PRICE_CHG,1
gnosis,24H_PRICE_CHG_PCT,1
gnosis,24H_PRICE_HIGH,1
gnosis,24H_PRICE_LOW,1
gnosis,24H_VOLUME,1
gnosis,30D_PRICE_CHG_PCT,1
gnosis,30D_VOLUME,1
gnosis,7D_PRICE_CHG_PCT,1
gnosis,ATH,1
gnosis,ATH_CHG_PCT,1
gnosis,ATH_DATE,1
gnosis,ATL,1
gnosis,ATL_CHG_PCT,1
gnosis,ATL_DATE,1
gnosis,CIRC_SUPPLY,1
gnosis,CMC,1
gnosis,DAILY_TXNS,1
gnosis,DAU,1
gnosis,DEX_VOLUMES,1
gnosis,FDMC,1
gnosis,FDV,1
gnosis,FEES,1
gnosis,MAX_SUPPLY,1
gnosis,MC,1
gnosis,NEW_TWITTER_FOLLOWERS,1
gnosis,PRICE,1
gnosis,REVENUE,1
gnosis,STABLECOIN_GROWTH,1
gnosis,STABLECOIN_MC,1
gnosis,TOT_SUPPLY,1
gnosis,TVL,1
gnosis,TWITTER_FOLLOWERS,1
gnosis,WEEKLY_COMMITS_CORE,1
gnosis,WEEKLY_COMMITS_SUB,1
gnosis,WEEKLY_DEVS_CORE,1
gnosis,WEEKLY_DEVS_SUB,1
gods-unchained,24H_MC_CHG,1
gods-unchained,24H_MC_CHG_PCT,1
gods-unchained,24H_PRICE_CHG,1
gods-unchained,24H_PRICE_CHG_PCT,1
gods-unchained,24H_PRICE_HIGH,1
gods-unchained,24H_PRICE_LOW,1
gods-unchained,24H_VOLUME,1
gods-unchained,30D_PRICE_CHG_PCT,1
gods-unchained,30D_VOLUME,1
gods-unchained,7D_PRICE_CHG_PCT,1
gods-unchained,ATH,1
gods-unchained,ATH_CHG_PCT,1
gods-unchained,ATH_DATE,1
gods-unchained,ATL,1
gods-unchained,ATL_CHG_PCT,1
gods-unchained,ATL_DATE,1
gods-unchained,CIRC_SUPPLY,1
gods-unchained,CMC,1
gods-unchained,FDMC,1
gods-unchained,FDV,1
gods-unchained,MAX_SUPPLY,1
gods-unchained,MC,1
gods-unchained,NEW_TWITTER_FOLLOWERS,1
gods-unchained,PRICE,1
gods-unchained,TOT_SUPPLY,1
gods-unchained,TWITTER_FOLLOWERS,1
gods-unchained,WEEKLY_COMMITS_CORE,1
gods-unchained,WEEKLY_DEVS_CORE,1
gold,PRICE,1
guild-of-guardians,24H_MC_CHG,1
guild-of-guardians,24H_MC_CHG_PCT,1
guild-of-guardians,24H_PRICE_CHG,1
guild-of-guardians,24H_PRICE_CHG_PCT,1
guild-of-guardians,24H_PRICE_HIGH,1
guild-of-guardians,24H_PRICE_LOW,1
guild-of-guardians,24H_VOLUME,1
guild-of-guardians,30D_PRICE_CHG_PCT,1
guild-of-guardians,30D_VOLUME,1
guild-of-guardians,7D_PRICE_CHG_PCT,1
guild-of-guardians,ATH,1
guild-of-guardians,ATH_CHG_PCT,1
guild-of-guardians,ATH_DATE,1
guild-of-guardians,ATL,1
guild-of-guardians,ATL_CHG_PCT,1
guild-of-guardians,ATL_DATE,1
guild-of-guardians,CIRC_SUPPLY,1
guild-of-guardians,CMC,1
guild-of-guardians,FDMC,1
guild-of-guardians,FDV,1
guild-of-guardians,MAX_SUPPLY,1
guild-of-guardians,MC,1
guild-of-guardians,NEW_TWITTER_FOLLOWERS,1
guild-of-guardians,PRICE,1
guild-of-guardians,TOT_SUPPLY,1
guild-of-guardians,TWITTER_FOLLOWERS,1
holdstation,24H_MC_CHG,1
holdstation,24H_MC_CHG_PCT,1
holdstation,24H_PRICE_CHG,1
holdstation,24H_PRICE_CHG_PCT,1
holdstation,24H_PRICE_HIGH,1
holdstation,24H_PRICE_LOW,1
holdstation,24H_VOLUME,1
holdstation,30D_PRICE_CHG_PCT,1
holdstation,30D_VOLUME,1
holdstation,7D_PRICE_CHG_PCT,1
holdstation,ATH,1
holdstation,ATH_CHG_PCT,1
holdstation,ATH_DATE,1
holdstation,ATL,1
holdstation,ATL_CHG_PCT,1
holdstation,ATL_DATE,1
holdstation,CIRC_SUPPLY,1
holdstation,CMC,1
holdstation,FDMC,1
holdstation,FDV,1
holdstation,FEES,1
holdstation,MAX_SUPPLY,1
holdstation,MC,1
holdstation,PRICE,1
holdstation,REVENUE,1
holdstation,TOT_SUPPLY,1
holdstation,TRADING_VOLUME,1
holdstation,TVL,1
holdstation,UNIQUE_TRADERS,1
hyperliquid,TRADING_VOLUME,1
hyperliquid,TVL,1
hyperliquid,UNIQUE_TRADERS,1
illuvium,24H_MC_CHG,1
illuvium,24H_MC_CHG_PCT,1
illuvium,24H_PRICE_CHG,1
illuvium,24H_PRICE_CHG_PCT,1
illuvium,24H_PRICE_HIGH,1
illuvium,24H_PRICE_LOW,1
illuvium,24H_VOLUME,1
illuvium,30D_PRICE_CHG_PCT,1
illuvium,30D_VOLUME,1
illuvium,7D_PRICE_CHG_PCT,1
illuvium,ATH,1
illuvium,ATH_CHG_PCT,1
illuvium,ATH_DATE,1
illuvium,ATL,1
illuvium,ATL_CHG_PCT,1
illuvium,ATL_DATE,1
illuvium,CIRC_SUPPLY,1
illuvium,CMC,1
illuvium,FDMC,1
illuvium,FDV,1
illuvium,MAX_SUPPLY,1
illuvium,MC,1
illuvium,NEW_TWITTER_FOLLOWERS,1
illuvium,PRICE,1
illuvium,TOT_SUPPLY,1
illuvium,TVL,1
illuvium,TWITTER_FOLLOWERS,1
illuvium,WEEKLY_COMMITS_CORE,1
illuvium,WEEKLY_DEVS_CORE,1
ktx_finance,24H_MC_CHG,1
ktx_finance,24H_MC_CHG_PCT,1
ktx_finance,24H_PRICE_CHG,1
ktx_finance,24H_PRICE_CHG_PCT,1
ktx_finance,24H_PRICE_HIGH,1
ktx_finance,24H_PRICE_LOW,1
ktx_finance,24H_VOLUME,1
ktx_finance,30D_PRICE_CHG_PCT,1
ktx_finance,30D_VOLUME,1
ktx_finance,7D_PRICE_CHG_PCT,1
ktx_finance,ATH,1
ktx_finance,ATH_CHG_PCT,1
ktx_finance,ATH_DATE,1
ktx_finance,ATL,1
ktx_finance,ATL_CHG_PCT,1
ktx_finance,ATL_DATE,1
ktx_finance,CIRC_SUPPLY,1
ktx_finance,CMC,1
ktx_finance,FDMC,1
ktx_finance,FDV,1
ktx_finance,MAX_SUPPLY,1
ktx_finance,MC,1
ktx_finance,PRICE,1
ktx_finance,TOT_SUPPLY,1
ktx_finance,TRADING_VOLUME,1
ktx_finance,UNIQUE_TRADERS,1
level-finance,24H_MC_CHG,1
level-finance,24H_MC_CHG_PCT,1
level-finance,24H_PRICE_CHG,1
level-finance,24H_PRICE_CHG_PCT,1
level-finance,24H_PRICE_HIGH,1
level-finance,24H_PRICE_LOW,1
level-finance,24H_VOLUME,1
level-finance,30D_PRICE_CHG_PCT,1
level-finance,30D_VOLUME,1
level-finance,7D_PRICE_CHG_PCT,1
level-finance,ATH,1
level-finance,ATH_CHG_PCT,1
level-finance,ATH_DATE,1
level-finance,ATL,1
level-finance,ATL_CHG_PCT,1
level-finance,ATL_DATE,1
level-finance,CIRC_SUPPLY,1
level-finance,CMC,1
level-finance,DEX_VOLUMES,1
level-finance,FDMC,1
level-finance,FDV,1
level-finance,FEES,1
level-finance,MAX_SUPPLY,1
level-finance,MC,1
level-finance,PRICE,1
level-finance,REVENUE,1
level-finance,TOT_SUPPLY,1
level-finance,TRADING_VOLUME,1
level-finance,TVL,1
level-finance,UNIQUE_TRADERS,1
lido,24H_MC_CHG,1
lido,24H_MC_CHG_PCT,1
lido,24H_PRICE_CHG,1
lido,24H_PRICE_CHG_PCT,1
lido,24H_PRICE_HIGH,1
lido,24H_PRICE_LOW,1
lido,24H_VOLUME,1
lido,30D_PRICE_CHG_PCT,1
lido,30D_VOLUME,1
lido,7D_PRICE_CHG_PCT,1
lido,AMT_STAKED_USD,1
lido,AMT_STAKED_USD_INFLOW,1
lido,ATH,1
lido,ATH_CHG_PCT,1
lido,ATH_DATE,1
lido,ATL,1
lido,ATL_CHG_PCT,1
lido,ATL_DATE,1
lido,CIRC_SUPPLY,1
lido,CMC,1
lido,FDMC,1
lido,FDV,1
lido,FEES,1
lido,MAX_SUPPLY,1
lido,MC,1
lido,PRICE,1
lido,REVENUE,1
lido,STAKED_ETH,1
lido,STAKED_ETH_INFLOW,1
lido,TOT_SUPPLY,1
lido,TVL,1
lido,WEEKLY_COMMITS_CORE,1
lido,WEEKLY_DEVS_CORE,1
linea,DAILY_TXNS,1
linea,DAU,1
linea,DEX_VOLUMES,1
linea,FEES,1
linea,NEW_TWITTER_FOLLOWERS,1
linea,REVENUE,1
linea,STABLECOIN_GROWTH,1
linea,STABLECOIN_MC,1
linea,TVL,1
linea,TWITTER_FOLLOWERS,1
linea,WEEKLY_COMMITS_CORE,1
linea,WEEKLY_CONTRACTS_DEPLOYED,1
linea,WEEKLY_DEVS_CORE,1
linea,WEEKLY_UNIQUE_CONTRACT_DEPLOYERS,1
mantle,24H_MC_CHG,1
mantle,24H_MC_CHG_PCT,1
mantle,24H_PRICE_CHG,1
mantle,24H_PRICE_CHG_PCT,1
mantle,24H_PRICE_HIGH,1
mantle,24H_PRICE_LOW,1
mantle,24H_VOLUME,1
mantle,30D_PRICE_CHG_PCT,1
mantle,30D_VOLUME,1
mantle,7D_PRICE_CHG_PCT,1
mantle,ATH,1
mantle,ATH_CHG_PCT,1
mantle,ATH_DATE,1
mantle,ATL,1
mantle,ATL_CHG_PCT,1
mantle,ATL_DATE,1
mantle,CIRC_SUPPLY,1
mantle,CMC,1
mantle,DAILY_TXNS,1
mantle,DAU,1
mantle,DEX_VOLUMES,1
mantle,FDMC,1
mantle,FDV,1
mantle,FEES,1
mantle,MAX_SUPPLY,1
mantle,MC,1
mantle,NEW_TWITTER_FOLLOWERS,1
mantle,PRICE,1
mantle,REVENUE,1
mantle,STABLECOIN_GROWTH,1
mantle,STABLECOIN_MC,1
mantle,TOT_SUPPLY,1
mantle,TVL,1
mantle,TWITTER_FOLLOWERS,1
mantle,WEEKLY_COMMITS_CORE,1
mantle,WEEKLY_COMMITS_SUB,1
mantle,WEEKLY_CONTRACTS_DEPLOYED,1
mantle,WEEKLY_DEVS_CORE,1
mantle,WEEKLY_DEVS_SUB,1
mantle,WEEKLY_UNIQUE_CONTRACT_DEPLOYERS,1
maverick_protocol,24H_MC_CHG,1
maverick_protocol,24H_MC_CHG_PCT,1
maverick_protocol,24H_PRICE_CHG,1
maverick_protocol,24H_PRICE_CHG_PCT,1
maverick_protocol,24H_PRICE_HIGH,1
maverick_protocol,24H_PRICE_LOW,1
maverick_protocol,24H_VOLUME,1
maverick_protocol,30D_PRICE_CHG_PCT,1
maverick_protocol,30D_VOLUME,1
maverick_protocol,7D_PRICE_CHG_PCT,1
maverick_protocol,ATH,1
maverick_protocol,ATH_CHG_PCT,1
maverick_protocol,ATH_DATE,1
maverick_protocol,ATL,1
maverick_protocol,ATL_CHG_PCT,1
maverick_protocol,ATL_DATE,1
maverick_protocol,CIRC_SUPPLY,1
maverick_protocol,CMC,1
maverick_protocol,DAILY_TXNS,1
maverick_protocol,DAU,1
maverick_protocol,DEX_VOLUMES,1
maverick_protocol,FDMC,1
maverick_protocol,FDV,1
maverick_protocol,FEES,1
maverick_protocol,GAS_USD,1
maverick_protocol,MAX_SUPPLY,1
maverick_protocol,MC,1
maverick_protocol,PRICE,1
maverick_protocol,TOT_SUPPLY,1
maverick_protocol,TVL,1
merit-circle,24H_MC_CHG,1
merit-circle,24H_MC_CHG_PCT,1
merit-circle,24H_PRICE_CHG,1
merit-circle,24H_PRICE_CHG_PCT,1
merit-circle,24H_PRICE_HIGH,1
merit-circle,24H_PRICE_LOW,1
merit-circle,24H_VOLUME,1
merit-circle,30D_PRICE_CHG_PCT,1
merit-circle,30D_VOLUME,1
merit-circle,7D_PRICE_CHG_PCT,1
merit-circle,ATH,1
merit-circle,ATH_CHG_PCT,1
merit-circle,ATH_DATE,1
merit-circle,ATL,1
merit-circle,ATL_CHG_PCT,1
merit-circle,ATL_DATE,1
merit-circle,CIRC_SUPPLY,1
merit-circle,CMC,1
merit-circle,FDMC,1
merit-circle,FDV,1
merit-circle,MAX_SUPPLY,1
merit-circle,MC,1
merit-circle,NEW_TWITTER_FOLLOWERS,1
merit-circle,PRICE,1
merit-circle,TOT_SUPPLY,1
merit-circle,TVL,1
merit-circle,TWITTER_FOLLOWERS,1
merit-circle,WEEKLY_COMMITS_CORE,1
merit-circle,WEEKLY_COMMITS_SUB,1
merit-circle,WEEKLY_DEVS_CORE,1
merit-circle,WEEKLY_DEVS_SUB,1
mines-of-dalarnia,24H_MC_CHG,1
mines-of-dalarnia,24H_MC_CHG_PCT,1
mines-of-dalarnia,24H_PRICE_CHG,1
mines-of-dalarnia,24H_PRICE_CHG_PCT,1
mines-of-dalarnia,24H_PRICE_HIGH,1
mines-of-dalarnia,24H_PRICE_LOW,1
mines-of-dalarnia,24H_VOLUME,1
mines-of-dalarnia,30D_PRICE_CHG_PCT,1
mines-of-dalarnia,30D_VOLUME,1
mines-of-dalarnia,7D_PRICE_CHG_PCT,1
mines-of-dalarnia,ATH,1
mines-of-dalarnia,ATH_CHG_PCT,1
mines-of-dalarnia,ATH_DATE,1
mines-of-dalarnia,ATL,1
mines-of-dalarnia,ATL_CHG_PCT,1
mines-of-dalarnia,ATL_DATE,1
mines-of-dalarnia,CIRC_SUPPLY,1
mines-of-dalarnia,CMC,1
mines-of-dalarnia,FDMC,1
mines-of-dalarnia,FDV,1
mines-of-dalarnia,MAX_SUPPLY,1
mines-of-dalarnia,MC,1
mines-of-dalarnia,NEW_TWITTER_FOLLOWERS,1
mines-of-dalarnia,PRICE,1
mines-of-dalarnia,TOT_SUPPLY,1
mines-of-dalarnia,TWITTER_FOLLOWERS,1
moonwell,24H_MC_CHG,1
moonwell,24H_MC_CHG_PCT,1
moonwell,24H_PRICE_CHG,1
moonwell,24H_PRICE_CHG_PCT,1
moonwell,24H_PRICE_HIGH,1
moonwell,24H_PRICE_LOW,1
moonwell,24H_VOLUME,1
moonwell,30D_PRICE_CHG_PCT,1
moonwell,30D_VOLUME,1
moonwell,7D_PRICE_CHG_PCT,1
moonwell,ATH,1
moonwell,ATH_CHG_PCT,1
moonwell,ATH_DATE,1
moonwell,ATL,1
moonwell,ATL_CHG_PCT,1
moonwell,ATL_DATE,1
moonwell,BORROWS,1
moonwell,CIRC_SUPPLY,1
moonwell,CMC,1
moonwell,DEPOSITS,1
moonwell,FDMC,1
moonwell,FDV,1
moonwell,MAX_SUPPLY,1
moonwell,MC,1
moonwell,PRICE,1
moonwell,TOT_SUPPLY,1
moonwell,TVL,1
moonwell,WEEKLY_COMMITS_CORE,1
moonwell,WEEKLY_DEVS_CORE,1
multichain,24H_MC_CHG,1
multichain,24H_MC_CHG_PCT,1
multichain,24H_PRICE_CHG,1
multichain,24H_PRICE_CHG_PCT,1
multichain,24H_PRICE_HIGH,1
multichain,24H_PRICE_LOW,1
multichain,24H_VOLUME,1
multichain,30D_PRICE_CHG_PCT,1
multichain,30D_VOLUME,1
multichain,7D_PRICE_CHG_PCT,1
multichain,ATH,1
multichain,ATH_CHG_PCT,1
multichain,ATH_DATE,1
multichain,ATL,1
multichain,ATL_CHG_PCT,1
multichain,ATL_DATE,1
multichain,CIRC_SUPPLY,1
multichain,CMC,1
multichain,FDMC,1
multichain,FDV,1
multichain,MAX_SUPPLY,1
multichain,MC,1
multichain,PRICE,1
multichain,TOT_SUPPLY,1
multichain,TVL,1
multichain,WEEKLY_COMMITS_CORE,1
multichain,WEEKLY_DEVS_CORE,1
multiversx,24H_MC_CHG,1
multiversx,24H_MC_CHG_PCT,1
multiversx,24H_PRICE_CHG,1
multiversx,24H_PRICE_CHG_PCT,1
multiversx,24H_PRICE_HIGH,1
multiversx,24H_PRICE_LOW,1
multiversx,24H_VOLUME,1
multiversx,30D_PRICE_CHG_PCT,1
multiversx,30D_VOLUME,1
multiversx,7D_PRICE_CHG_PCT,1
multiversx,ATH,1
multiversx,ATH_CHG_PCT,1
multiversx,ATH_DATE,1
multiversx,ATL,1
multiversx,ATL_CHG_PCT,1
multiversx,ATL_DATE,1
multiversx,CIRC_SUPPLY,1
multiversx,CMC,1
multiversx,DAILY_TXNS,1
multiversx,DAU,1
multiversx,DEX_VOLUMES,1
multiversx,FDMC,1
multiversx,FDV,1
multiversx,MAX_SUPPLY,1
multiversx,MC,1
multiversx,NEW_TWITTER_FOLLOWERS,1
multiversx,PRICE,1
multiversx,STABLECOIN_GROWTH,1
multiversx,STABLECOIN_MC,1
multiversx,TOT_SUPPLY,1
multiversx,TVL,1
multiversx,TWITTER_FOLLOWERS,1
multiversx,WEEKLY_COMMITS_CORE,1
multiversx,WEEKLY_COMMITS_SUB,1
multiversx,WEEKLY_DEVS_CORE,1
multiversx,WEEKLY_DEVS_SUB,1
mux,24H_MC_CHG,1
mux,24H_MC_CHG_PCT,1
mux,24H_PRICE_CHG,1
mux,24H_PRICE_CHG_PCT,1
mux,24H_PRICE_HIGH,1
mux,24H_PRICE_LOW,1
mux,24H_VOLUME,1
mux,30D_PRICE_CHG_PCT,1
mux,30D_VOLUME,1
mux,7D_PRICE_CHG_PCT,1
mux,ATH,1
mux,ATH_CHG_PCT,1
mux,ATH_DATE,1
mux,ATL,1
mux,ATL_CHG_PCT,1
mux,ATL_DATE,1
mux,CIRC_SUPPLY,1
mux,CMC,1
mux,FDMC,1
mux,FDV,1
mux,FEES,1
mux,MAX_SUPPLY,1
mux,MC,1
mux,PRICE,1
mux,REVENUE,1
mux,TOT_SUPPLY,1
mux,TRADING_VOLUME,1
mux,TVL,1
mux,UNIQUE_TRADERS,1
nasdaq,PRICE,1
near,24H_MC_CHG,1
near,24H_MC_CHG_PCT,1
near,24H_PRICE_CHG,1
near,24H_PRICE_CHG_PCT,1
near,24H_PRICE_HIGH,1
near,24H_PRICE_LOW,1
near,24H_VOLUME,1
near,30D_PRICE_CHG_PCT,1
near,30D_VOLUME,1
near,7D_PRICE_CHG_PCT,1
near,ATH,1
near,ATH_CHG_PCT,1
near,ATH_DATE,1
near,ATL,1
near,ATL_CHG_PCT,1
near,ATL_DATE,1
near,AVG_TXN_FEE,1
near,CIRC_SUPPLY,1
near,CMC,1
near,DAILY_TXNS,1
near,DAU,1
near,DEX_VOLUMES,1
near,FDMC,1
near,FDV,1
near,FEES,1
near,MAX_SUPPLY,1
near,MC,1
near,NEW_TWITTER_FOLLOWERS,1
near,PRICE,1
near,REVENUE,1
near,STABLECOIN_GROWTH,1
near,STABLECOIN_MC,1
near,TOT_SUPPLY,1
near,TVL,1
near,TWITTER_FOLLOWERS,1
near,WEEKLY_COMMITS_CORE,1
near,WEEKLY_COMMITS_SUB,1
near,WEEKLY_CONTRACTS_DEPLOYED,1
near,WEEKLY_DEVS_CORE,1
near,WEEKLY_DEVS_SUB,1
near,WEEKLY_UNIQUE_CONTRACT_DEPLOYERS,1
optimism,24H_MC_CHG,1
optimism,24H_MC_CHG_PCT,1
optimism,24H_PRICE_CHG,1
optimism,24H_PRICE_CHG_PCT,1
optimism,24H_PRICE_HIGH,1
optimism,24H_PRICE_LOW,1
optimism,24H_VOLUME,1
optimism,30D_PRICE_CHG_PCT,1
optimism,30D_VOLUME,1
optimism,7D_PRICE_CHG_PCT,1
optimism,ATH,1
optimism,ATH_CHG_PCT,1
optimism,ATH_DATE,1
optimism,ATL,1
optimism,ATL_CHG_PCT,1
optimism,ATL_DATE,1
optimism,CIRC_SUPPLY,1
optimism,CMC,1
optimism,DAILY_TXNS,1
optimism,DAU,1
optimism,DAU_OVER_100,1
optimism,DEX_VOLUMES,1
optimism,FDMC,1
optimism,FDV,1
optimism,FEES,1
optimism,MAX_SUPPLY,1
optimism,MC,1
optimism,NEW_TWITTER_FOLLOWERS,1
optimism,PRICE,1
optimism,REVENUE,1
optimism,STABLECOIN_GROWTH,1
optimism,STABLECOIN_MC,1
optimism,TOT_SUPPLY,1
optimism,TVL,1
optimism,TWITTER_FOLLOWERS,1
optimism,WEEKLY_COMMITS_CORE,1
optimism,WEEKLY_COMMITS_SUB,1
optimism,WEEKLY_CONTRACTS_DEPLOYED,1
optimism,WEEKLY_DEVS_CORE,1
optimism,WEEKLY_DEVS_SUB,1
optimism,WEEKLY_UNIQUE_CONTRACT_DEPLOYERS,1
optimism_bridge,BRIDGE_DAU,1
optimism_bridge,BRIDGE_VOLUME,1
optimism_bridge,CUMULATIVE_NET_FLOW,1
optimism_bridge,INFLOW,1
optimism_bridge,OUTFLOW,1
optimism_bridge,TVL,1
osmosis,24H_MC_CHG,1
osmosis,24H_MC_CHG_PCT,1
osmosis,24H_PRICE_CHG,1
osmosis,24H_PRICE_CHG_PCT,1
osmosis,24H_PRICE_HIGH,1
osmosis,24H_PRICE_LOW,1
osmosis,24H_VOLUME,1
osmosis,30D_PRICE_CHG_PCT,1
osmosis,30D_VOLUME,1
osmosis,7D_PRICE_CHG_PCT,1
osmosis,ATH,1
osmosis,ATH_CHG_PCT,1
osmosis,ATH_DATE,1
osmosis,ATL,1
osmosis,ATL_CHG_PCT,1
osmosis,ATL_DATE,1
osmosis,CIRC_SUPPLY,1
osmosis,CMC,1
osmosis,DAILY_TXNS,1
osmosis,DAU,1
osmosis,DEX_VOLUMES,1
osmosis,FDMC,1
osmosis,FDV,1
osmosis,FEES,1
osmosis,MAX_SUPPLY,1
osmosis,MC,1
osmosis,NEW_TWITTER_FOLLOWERS,1
osmosis,PRICE,1
osmosis,REVENUE,1
osmosis,STABLECOIN_GROWTH,1
osmosis,STABLECOIN_MC,1
osmosis,TOT_SUPPLY,1
osmosis,TVL,1
osmosis,TWITTER_FOLLOWERS,1
osmosis,WEEKLY_COMMITS_CORE,1
osmosis,WEEKLY_COMMITS_SUB,1
osmosis,WEEKLY_DEVS_CORE,1
osmosis,WEEKLY_DEVS_SUB,1
pancakeswap,24H_MC_CHG,1
pancakeswap,24H_MC_CHG_PCT,1
pancakeswap,24H_PRICE_CHG,1
pancakeswap,24H_PRICE_CHG_PCT,1
pancakeswap,24H_PRICE_HIGH,1
pancakeswap,24H_PRICE_LOW,1
pancakeswap,24H_VOLUME,1
pancakeswap,30D_PRICE_CHG_PCT,1
pancakeswap,30D_VOLUME,1
pancakeswap,7D_PRICE_CHG_PCT,1
pancakeswap,ATH,1
pancakeswap,ATH_CHG_PCT,1
pancakeswap,ATH_DATE,1
pancakeswap,ATL,1
pancakeswap,ATL_CHG_PCT,1
pancakeswap,ATL_DATE,1
pancakeswap,CIRC_SUPPLY,1
pancakeswap,CMC,1
pancakeswap,FDMC,1
pancakeswap,FDV,1
pancakeswap,FEES,1
pancakeswap,MAX_SUPPLY,1
pancakeswap,MC,1
pancakeswap,PRICE,1
pancakeswap,TOT_SUPPLY,1
pancakeswap,TRADING_VOLUME,1
pancakeswap,TVL,1
pancakeswap,UNIQUE_TRADERS,1
pancakeswap,WEEKLY_COMMITS_CORE,1
pancakeswap,WEEKLY_DEVS_CORE,1
parallel_finance,24H_MC_CHG,1
parallel_finance,24H_MC_CHG_PCT,1
parallel_finance,24H_PRICE_CHG,1
parallel_finance,24H_PRICE_CHG_PCT,1
parallel_finance,24H_PRICE_HIGH,1
parallel_finance,24H_PRICE_LOW,1
parallel_finance,24H_VOLUME,1
parallel_finance,30D_PRICE_CHG_PCT,1
parallel_finance,30D_VOLUME,1
parallel_finance,7D_PRICE_CHG_PCT,1
parallel_finance,ATH,1
parallel_finance,ATH_CHG_PCT,1
parallel_finance,ATH_DATE,1
parallel_finance,ATL,1
parallel_finance,ATL_CHG_PCT,1
parallel_finance,ATL_DATE,1
parallel_finance,CIRC_SUPPLY,1
parallel_finance,CMC,1
parallel_finance,DAILY_TXNS,1
parallel_finance,DAU,1
parallel_finance,FDMC,1
parallel_finance,FDV,1
parallel_finance,GAS_USD,1
parallel_finance,MAX_SUPPLY,1
parallel_finance,MC,1
parallel_finance,PRICE,1
parallel_finance,TOT_SUPPLY,1
parallel_finance,TVL,1
parallel_finance,WEEKLY_COMMITS_CORE,1
parallel_finance,WEEKLY_DEVS_CORE,1
perpetual-protocol,24H_MC_CHG,1
perpetual-protocol,24H_MC_CHG_PCT,1
perpetual-protocol,24H_PRICE_CHG,1
perpetual-protocol,24H_PRICE_CHG_PCT,1
perpetual-protocol,24H_PRICE_HIGH,1
perpetual-protocol,24H_PRICE_LOW,1
perpetual-protocol,24H_VOLUME,1
perpetual-protocol,30D_PRICE_CHG_PCT,1
perpetual-protocol,30D_VOLUME,1
perpetual-protocol,7D_PRICE_CHG_PCT,1
perpetual-protocol,ATH,1
perpetual-protocol,ATH_CHG_PCT,1
perpetual-protocol,ATH_DATE,1
perpetual-protocol,ATL,1
perpetual-protocol,ATL_CHG_PCT,1
perpetual-protocol,ATL_DATE,1
perpetual-protocol,CIRC_SUPPLY,1
perpetual-protocol,CMC,1
perpetual-protocol,FDMC,1
perpetual-protocol,FDV,1
perpetual-protocol,FEES,1
perpetual-protocol,MAX_SUPPLY,1
perpetual-protocol,MC,1
perpetual-protocol,PRICE,1
perpetual-protocol,REVENUE,1
perpetual-protocol,TOT_SUPPLY,1
perpetual-protocol,TRADING_VOLUME,1
perpetual-protocol,TVL,1
perpetual-protocol,UNIQUE_TRADERS,1
perpetual-protocol,WEEKLY_COMMITS_CORE,1
perpetual-protocol,WEEKLY_DEVS_CORE,1
polkadot,24H_MC_CHG,1
polkadot,24H_MC_CHG_PCT,1
polkadot,24H_PRICE_CHG,1
polkadot,24H_PRICE_CHG_PCT,1
polkadot,24H_PRICE_HIGH,1
polkadot,24H_PRICE_LOW,1
polkadot,24H_VOLUME,1
polkadot,30D_PRICE_CHG_PCT,1
polkadot,30D_VOLUME,1
polkadot,7D_PRICE_CHG_PCT,1
polkadot,ATH,1
polkadot,ATH_CHG_PCT,1
polkadot,ATH_DATE,1
polkadot,ATL,1
polkadot,ATL_CHG_PCT,1
polkadot,ATL_DATE,1
polkadot,CIRC_SUPPLY,1
polkadot,CMC,1
polkadot,DAILY_TXNS,1
polkadot,DAU,1
polkadot,FDMC,1
polkadot,FDV,1
polkadot,FEES,1
polkadot,GAS_USD,1
polkadot,MAX_SUPPLY,1
polkadot,MC,1
polkadot,NEW_TWITTER_FOLLOWERS,1
polkadot,PRICE,1
polkadot,REVENUE,1
polkadot,TOT_SUPPLY,1
polkadot,TVL,1
polkadot,TWITTER_FOLLOWERS,1
polkadot,WEEKLY_COMMITS_CORE,1
polkadot,WEEKLY_COMMITS_SUB,1
polkadot,WEEKLY_DEVS_CORE,1
polkadot,WEEKLY_DEVS_SUB,1
polygon,24H_MC_CHG,1
polygon,24H_MC_CHG_PCT,1
polygon,24H_PRICE_CHG,1
polygon,24H_PRICE_CHG_PCT,1
polygon,24H_PRICE_HIGH,1
polygon,24H_PRICE_LOW,1
polygon,24H_VOLUME,1
polygon,30D_PRICE_CHG_PCT,1
polygon,30D_VOLUME,1
polygon,7D_PRICE_CHG_PCT,1
polygon,ATH,1
polygon,ATH_CHG_PCT,1
polygon,ATH_DATE,1
polygon,ATL,1
polygon,ATL_CHG_PCT,1
polygon,ATL_DATE,1
polygon,AVG_TXN_FEE,1
polygon,CIRC_SUPPLY,1
polygon,CMC,1
polygon,DAILY_TXNS,1
polygon,DAU,1
polygon,DAU_OVER_100,1
polygon,DEX_VOLUMES,1
polygon,FDMC,1
polygon,FDV,1
polygon,FEES,1
polygon,MAX_SUPPLY,1
polygon,MC,1
polygon,NEW_TWITTER_FOLLOWERS,1
polygon,PRICE,1
polygon,REVENUE,1
polygon,STABLECOIN_GROWTH,1
polygon,STABLECOIN_MC,1
polygon,TOT_SUPPLY,1
polygon,TVL,1
polygon,TWITTER_FOLLOWERS,1
polygon,WEEKLY_COMMITS_CORE,1
polygon,WEEKLY_COMMITS_SUB,1
polygon,WEEKLY_CONTRACTS_DEPLOYED,1
polygon,WEEKLY_DEVS_CORE,1
polygon,WEEKLY_DEVS_SUB,1
polygon,WEEKLY_UNIQUE_CONTRACT_DEPLOYERS,1
polygon_pos_bridge,BRIDGE_DAU,1
polygon_pos_bridge,BRIDGE_VOLUME,1
polygon_pos_bridge,CUMULATIVE_NET_FLOW,1
polygon_pos_bridge,INFLOW,1
polygon_pos_bridge,OUTFLOW,1
polygon_pos_bridge,TVL,1
polygon_zk,24H_MC_CHG,1
polygon_zk,24H_MC_CHG_PCT,1
polygon_zk,24H_PRICE_CHG,1
polygon_zk,24H_PRICE_CHG_PCT,1
polygon_zk,24H_PRICE_HIGH,1
polygon_zk,24H_PRICE_LOW,1
polygon_zk,24H_VOLUME,1
polygon_zk,30D_PRICE_CHG_PCT,1
polygon_zk,30D_VOLUME,1
polygon_zk,7D_PRICE_CHG_PCT,1
polygon_zk,ATH,1
polygon_zk,ATH_CHG_PCT,1
polygon_zk,ATH_DATE,1
polygon_zk,ATL,1
polygon_zk,ATL_CHG_PCT,1
polygon_zk,ATL_DATE,1
polygon_zk,CIRC_SUPPLY,1
polygon_zk,CMC,1
polygon_zk,DAILY_TXNS,1
polygon_zk,DAU,1
polygon_zk,DEX_VOLUMES,1
polygon_zk,FDMC,1
polygon_zk,FDV,1
polygon_zk,FEES,1
polygon_zk,MAX_SUPPLY,1
polygon_zk,MC,1
polygon_zk,NEW_TWITTER_FOLLOWERS,1
polygon_zk,PRICE,1
polygon_zk,REVENUE,1
polygon_zk,STABLECOIN_GROWTH,1
polygon_zk,STABLECOIN_MC,1
polygon_zk,TOT_SUPPLY,1
polygon_zk,TVL,1
polygon_zk,TWITTER_FOLLOWERS,1
polygon_zk,WEEKLY_COMMITS_CORE,1
polygon_zk,WEEKLY_DEVS_CORE,1
quickswap,24H_MC_CHG,1
quickswap,24H_MC_CHG_PCT,1
quickswap,24H_PRICE_CHG,1
quickswap,24H_PRICE_CHG_PCT,1
quickswap,24H_PRICE_HIGH,1
quickswap,24H_PRICE_LOW,1
quickswap,24H_VOLUME,1
quickswap,30D_PRICE_CHG_PCT,1
quickswap,30D_VOLUME,1
quickswap,7D_PRICE_CHG_PCT,1
quickswap,ATH,1
quickswap,ATH_CHG_PCT,1
quickswap,ATH_DATE,1
quickswap,ATL,1
quickswap,ATL_CHG_PCT,1
quickswap,ATL_DATE,1
quickswap,CIRC_SUPPLY,1
quickswap,CMC,1
quickswap,FDMC,1
quickswap,FDV,1
quickswap,FEES,1
quickswap,MAX_SUPPLY,1
quickswap,MC,1
quickswap,PRICE,1
quickswap,TOT_SUPPLY,1
quickswap,TRADING_VOLUME,1
quickswap,TVL,1
quickswap,UNIQUE_TRADERS,1
quickswap,WEEKLY_COMMITS_CORE,1
quickswap,WEEKLY_DEVS_CORE,1
rabbit-x,24H_MC_CHG,1
rabbit-x,24H_MC_CHG_PCT,1
rabbit-x,24H_PRICE_CHG,1
rabbit-x,24H_PRICE_CHG_PCT,1
rabbit-x,24H_PRICE_HIGH,1
rabbit-x,24H_PRICE_LOW,1
rabbit-x,24H_VOLUME,1
rabbit-x,30D_PRICE_CHG_PCT,1
rabbit-x,30D_VOLUME,1
rabbit-x,7D_PRICE_CHG_PCT,1
rabbit-x,ATH,1
rabbit-x,ATH_CHG_PCT,1
rabbit-x,ATH_DATE,1
rabbit-x,ATL,1
rabbit-x,ATL_CHG_PCT,1
rabbit-x,ATL_DATE,1
rabbit-x,CIRC_SUPPLY,1
rabbit-x,CMC,1
rabbit-x,FDMC,1
rabbit-x,FDV,1
rabbit-x,MAX_SUPPLY,1
rabbit-x,MC,1
rabbit-x,PRICE,1
rabbit-x,TOT_SUPPLY,1
rabbit-x,TRADING_VOLUME,1
rabbit-x,TVL,1
rabbit-x,UNIQUE_TRADERS,1
radiant,24H_MC_CHG,1
radiant,24H_MC_CHG_PCT,1
radiant,24H_PRICE_CHG,1
radiant,24H_PRICE_CHG_PCT,1
radiant,24H_PRICE_HIGH,1
radiant,24H_PRICE_LOW,1
radiant,24H_VOLUME,1
radiant,30D_PRICE_CHG_PCT,1
radiant,30D_VOLUME,1
radiant,7D_PRICE_CHG_PCT,1
radiant,ATH,1
radiant,ATH_CHG_PCT,1
radiant,ATH_DATE,1
radiant,ATL,1
radiant,ATL_CHG_PCT,1
radiant,ATL_DATE,1
radiant,BORROWS,1
radiant,CIRC_SUPPLY,1
radiant,CMC,1
radiant,DEPOSITS,1
radiant,FDMC,1
radiant,FDV,1
radiant,MAX_SUPPLY,1
radiant,MC,1
radiant,PRICE,1
radiant,TOT_SUPPLY,1
raider-aurum,24H_MC_CHG,1
raider-aurum,24H_MC_CHG_PCT,1
raider-aurum,24H_PRICE_CHG,1
raider-aurum,24H_PRICE_CHG_PCT,1
raider-aurum,24H_PRICE_HIGH,1
raider-aurum,24H_PRICE_LOW,1
raider-aurum,24H_VOLUME,1
raider-aurum,30D_PRICE_CHG_PCT,1
raider-aurum,30D_VOLUME,1
raider-aurum,7D_PRICE_CHG_PCT,1
raider-aurum,ATH,1
raider-aurum,ATH_CHG_PCT,1
raider-aurum,ATH_DATE,1
raider-aurum,ATL,1
raider-aurum,ATL_CHG_PCT,1
raider-aurum,ATL_DATE,1
raider-aurum,CIRC_SUPPLY,1
raider-aurum,CMC,1
raider-aurum,FDMC,1
raider-aurum,FDV,1
raider-aurum,MAX_SUPPLY,1
raider-aurum,MC,1
raider-aurum,NEW_TWITTER_FOLLOWERS,1
raider-aurum,PRICE,1
raider-aurum,TOT_SUPPLY,1
raider-aurum,TWITTER_FOLLOWERS,1
rainbow-token,24H_MC_CHG,1
rainbow-token,24H_MC_CHG_PCT,1
rainbow-token,24H_PRICE_CHG,1
rainbow-token,24H_PRICE_CHG_PCT,1
rainbow-token,24H_PRICE_HIGH,1
rainbow-token,24H_PRICE_LOW,1
rainbow-token,24H_VOLUME,1
rainbow-token,30D_PRICE_CHG_PCT,1
rainbow-token,30D_VOLUME,1
rainbow-token,7D_PRICE_CHG_PCT,1
rainbow-token,ATH,1
rainbow-token,ATH_CHG_PCT,1
rainbow-token,ATH_DATE,1
rainbow-token,ATL,1
rainbow-token,ATL_CHG_PCT,1
rainbow-token,ATL_DATE,1
rainbow-token,CIRC_SUPPLY,1
rainbow-token,CMC,1
rainbow-token,FDMC,1
rainbow-token,FDV,1
rainbow-token,MAX_SUPPLY,1
rainbow-token,MC,1
rainbow-token,NEW_TWITTER_FOLLOWERS,1
rainbow-token,PRICE,1
rainbow-token,TOT_SUPPLY,1
rainbow-token,TWITTER_FOLLOWERS,1
rocketpool,24H_MC_CHG,1
rocketpool,24H_MC_CHG_PCT,1
rocketpool,24H_PRICE_CHG,1
rocketpool,24H_PRICE_CHG_PCT,1
rocketpool,24H_PRICE_HIGH,1
rocketpool,24H_PRICE_LOW,1
rocketpool,24H_VOLUME,1
rocketpool,30D_PRICE_CHG_PCT,1
rocketpool,30D_VOLUME,1
rocketpool,7D_PRICE_CHG_PCT,1
rocketpool,AMT_STAKED_USD,1
rocketpool,AMT_STAKED_USD_INFLOW,1
rocketpool,ATH,1
rocketpool,ATH_CHG_PCT,1
rocketpool,ATH_DATE,1
rocketpool,ATL,1
rocketpool,ATL_CHG_PCT,1
rocketpool,ATL_DATE,1
rocketpool,CIRC_SUPPLY,1
rocketpool,CMC,1
rocketpool,FDMC,1
rocketpool,FDV,1
rocketpool,MAX_SUPPLY,1
rocketpool,MC,1
rocketpool,PRICE,1
rocketpool,STAKED_ETH,1
rocketpool,STAKED_ETH_INFLOW,1
rocketpool,TOT_SUPPLY,1
rocketpool,TVL,1
rocketpool,WEEKLY_COMMITS_CORE,1
rocketpool,WEEKLY_DEVS_CORE,1
scroll,DAILY_TXNS,1
scroll,DAU,1
scroll,DEX_VOLUMES,1
scroll,FEES,1
scroll,NEW_TWITTER_FOLLOWERS,1
scroll,REVENUE,1
scroll,TVL,1
scroll,TWITTER_FOLLOWERS,1
scroll,WEEKLY_COMMITS_CORE,1
scroll,WEEKLY_COMMITS_SUB,1
scroll,WEEKLY_CONTRACTS_DEPLOYED,1
scroll,WEEKLY_DEVS_CORE,1
scroll,WEEKLY_DEVS_SUB,1
scroll,WEEKLY_UNIQUE_CONTRACT_DEPLOYERS,1
seamlessprotocol,24H_MC_CHG,1
seamlessprotocol,24H_MC_CHG_PCT,1
seamlessprotocol,24H_PRICE_CHG,1
seamlessprotocol,24H_PRICE_CHG_PCT,1
seamlessprotocol,24H_PRICE_HIGH,1
seamlessprotocol,24H_PRICE_LOW,1
seamlessprotocol,24H_VOLUME,1
seamlessprotocol,30D_PRICE_CHG_PCT,1
seamlessprotocol,30D_VOLUME,1
seamlessprotocol,7D_PRICE_CHG_PCT,1
seamlessprotocol,ATH,1
seamlessprotocol,ATH_CHG_PCT,1
seamlessprotocol,ATH_DATE,1
seamlessprotocol,ATL,1
seamlessprotocol,ATL_CHG_PCT,1
seamlessprotocol,ATL_DATE,1
seamlessprotocol,BORROWS,1
seamlessprotocol,CIRC_SUPPLY,1
seamlessprotocol,CMC,1
seamlessprotocol,DEPOSITS,1
seamlessprotocol,FDMC,1
seamlessprotocol,FDV,1
seamlessprotocol,MAX_SUPPLY,1
seamlessprotocol,MC,1
seamlessprotocol,PRICE,1
seamlessprotocol,TOT_SUPPLY,1
seamlessprotocol,TVL,1
sei,24H_MC_CHG,1
sei,24H_MC_CHG_PCT,1
sei,24H_PRICE_CHG,1
sei,24H_PRICE_CHG_PCT,1
sei,24H_PRICE_HIGH,1
sei,24H_PRICE_LOW,1
sei,24H_VOLUME,1
sei,30D_PRICE_CHG_PCT,1
sei,30D_VOLUME,1
sei,7D_PRICE_CHG_PCT,1
sei,ATH,1
sei,ATH_CHG_PCT,1
sei,ATH_DATE,1
sei,ATL,1
sei,ATL_CHG_PCT,1
sei,ATL_DATE,1
sei,CIRC_SUPPLY,1
sei,CMC,1
sei,DAILY_TXNS,1
sei,DAU,1
sei,DEX_VOLUMES,1
sei,FDMC,1
sei,FDV,1
sei,FEES,1
sei,MAX_SUPPLY,1
sei,MC,1
sei,NEW_TWITTER_FOLLOWERS,1
sei,PRICE,1
sei,REVENUE,1
sei,TOT_SUPPLY,1
sei,TVL,1
sei,TWITTER_FOLLOWERS,1
sei,WEEKLY_COMMITS_CORE,1
sei,WEEKLY_COMMITS_SUB,1
sei,WEEKLY_CONTRACTS_DEPLOYED,1
sei,WEEKLY_DEVS_CORE,1
sei,WEEKLY_DEVS_SUB,1
sei,WEEKLY_UNIQUE_CONTRACT_DEPLOYERS,1
solana,24H_MC_CHG,1
solana,24H_MC_CHG_PCT,1
solana,24H_PRICE_CHG,1
solana,24H_PRICE_CHG_PCT,1
solana,24H_PRICE_HIGH,1
solana,24H_PRICE_LOW,1
solana,24H_VOLUME,1
solana,30D_PRICE_CHG_PCT,1
solana,30D_VOLUME,1
solana,7D_PRICE_CHG_PCT,1
solana,ATH,1
solana,ATH_CHG_PCT,1
solana,ATH_DATE,1
solana,ATL,1
solana,ATL_CHG_PCT,1
solana,ATL_DATE,1
solana,AVG_TXN_FEE,1
solana,CIRC_SUPPLY,1
solana,CMC,1
solana,DAILY_TXNS,1
solana,DAU,1
solana,DEX_VOLUMES,1
solana,FDMC,1
solana,FDV,1
solana,FEES,1
solana,MAX_SUPPLY,1
solana,MC,1
solana,NEW_TWITTER_FOLLOWERS,1
solana,PRICE,1
solana,REVENUE,1
solana,STABLECOIN_GROWTH,1
solana,STABLECOIN_MC,1
solana,TOT_SUPPLY,1
solana,TVL,1
solana,TWITTER_FOLLOWERS,1
solana,WEEKLY_COMMITS_CORE,1
solana,WEEKLY_COMMITS_SUB,1
solana,WEEKLY_CONTRACTS_DEPLOYED,1
solana,WEEKLY_DEVS_CORE,1
solana,WEEKLY_DEVS_SUB,1
solana,WEEKLY_UNIQUE_CONTRACT_DEPLOYERS,1
sonne_finance,24H_MC_CHG,1
sonne_finance,24H_MC_CHG_PCT,1
sonne_finance,24H_PRICE_CHG,1
sonne_finance,24H_PRICE_CHG_PCT,1
sonne_finance,24H_PRICE_HIGH,1
sonne_finance,24H_PRICE_LOW,1
sonne_finance,24H_VOLUME,1
sonne_finance,30D_PRICE_CHG_PCT,1
sonne_finance,30D_VOLUME,1
sonne_finance,7D_PRICE_CHG_PCT,1
sonne_finance,ATH,1
sonne_finance,ATH_CHG_PCT,1
sonne_finance,ATH_DATE,1
sonne_finance,ATL,1
sonne_finance,ATL_CHG_PCT,1
sonne_finance,ATL_DATE,1
sonne_finance,BORROWS,1
sonne_finance,CIRC_SUPPLY,1
sonne_finance,CMC,1
sonne_finance,DEPOSITS,1
sonne_finance,FDMC,1
sonne_finance,FDV,1
sonne_finance,FEES,1
sonne_finance,MAX_SUPPLY,1
sonne_finance,MC,1
sonne_finance,PRICE,1
sonne_finance,REVENUE,1
sonne_finance,TOT_SUPPLY,1
sonne_finance,TVL,1
sonne_finance,WEEKLY_COMMITS_CORE,1
sonne_finance,WEEKLY_DEVS_CORE,1
spark,BORROWS,1
spark,DEPOSITS,1
spark,TVL,1
splinterlands,24H_MC_CHG,1
splinterlands,24H_MC_CHG_PCT,1
splinterlands,24H_PRICE_CHG,1
splinterlands,24H_PRICE_CHG_PCT,1
splinterlands,24H_PRICE_HIGH,1
splinterlands,24H_PRICE_LOW,1
splinterlands,24H_VOLUME,1
splinterlands,30D_PRICE_CHG_PCT,1
splinterlands,30D_VOLUME,1
splinterlands,7D_PRICE_CHG_PCT,1
splinterlands,ATH,1
splinterlands,ATH_CHG_PCT,1
splinterlands,ATH_DATE,1
splinterlands,ATL,1
splinterlands,ATL_CHG_PCT,1
splinterlands,ATL_DATE,1
splinterlands,CIRC_SUPPLY,1
splinterlands,CMC,1
splinterlands,FDMC,1
splinterlands,FDV,1
splinterlands,MAX_SUPPLY,1
splinterlands,MC,1
splinterlands,NEW_TWITTER_FOLLOWERS,1
splinterlands,PRICE,1
splinterlands,TOT_SUPPLY,1
splinterlands,TWITTER_FOLLOWERS,1
splinterlands,WEEKLY_COMMITS_CORE,1
splinterlands,WEEKLY_DEVS_CORE,1
spy,PRICE,1
stacks,24H_MC_CHG,1
stacks,24H_MC_CHG_PCT,1
stacks,24H_PRICE_CHG,1
stacks,24H_PRICE_CHG_PCT,1
stacks,24H_PRICE_HIGH,1
stacks,24H_PRICE_LOW,1
stacks,24H_VOLUME,1
stacks,30D_PRICE_CHG_PCT,1
stacks,30D_VOLUME,1
stacks,7D_PRICE_CHG_PCT,1
stacks,ATH,1
stacks,ATH_CHG_PCT,1
stacks,ATH_DATE,1
stacks,ATL,1
stacks,ATL_CHG_PCT,1
stacks,ATL_DATE,1
stacks,CIRC_SUPPLY,1
stacks,CMC,1
stacks,DAILY_TXNS,1
stacks,DAU,1
stacks,DEX_VOLUMES,1
stacks,FDMC,1
stacks,FDV,1
stacks,FEES,1
stacks,MAX_SUPPLY,1
stacks,MC,1
stacks,NEW_TWITTER_FOLLOWERS,1
stacks,PRICE,1
stacks,TOT_SUPPLY,1
stacks,TVL,1
stacks,TWITTER_FOLLOWERS,1
stacks,WEEKLY_COMMITS_CORE,1
stacks,WEEKLY_COMMITS_SUB,1
stacks,WEEKLY_DEVS_CORE,1
stacks,WEEKLY_DEVS_SUB,1
stakewise,24H_MC_CHG,1
stakewise,24H_MC_CHG_PCT,1
stakewise,24H_PRICE_CHG,1
stakewise,24H_PRICE_CHG_PCT,1
stakewise,24H_PRICE_HIGH,1
stakewise,24H_PRICE_LOW,1
stakewise,24H_VOLUME,1
stakewise,30D_PRICE_CHG_PCT,1
stakewise,30D_VOLUME,1
stakewise,7D_PRICE_CHG_PCT,1
stakewise,AMT_STAKED_USD,1
stakewise,AMT_STAKED_USD_INFLOW,1
stakewise,ATH,1
stakewise,ATH_CHG_PCT,1
stakewise,ATH_DATE,1
stakewise,ATL,1
stakewise,ATL_CHG_PCT,1
stakewise,ATL_DATE,1
stakewise,CIRC_SUPPLY,1
stakewise,CMC,1
stakewise,FDMC,1
stakewise,FDV,1
stakewise,FEES,1
stakewise,MAX_SUPPLY,1
stakewise,MC,1
stakewise,PRICE,1
stakewise,REVENUE,1
stakewise,STAKED_ETH,1
stakewise,STAKED_ETH_INFLOW,1
stakewise,TOT_SUPPLY,1
stakewise,TVL,1
stakewise,WEEKLY_COMMITS_CORE,1
stakewise,WEEKLY_DEVS_CORE,1
star-atlas,24H_MC_CHG,1
star-atlas,24H_MC_CHG_PCT,1
star-atlas,24H_PRICE_CHG,1
star-atlas,24H_PRICE_CHG_PCT,1
star-atlas,24H_PRICE_HIGH,1
star-atlas,24H_PRICE_LOW,1
star-atlas,24H_VOLUME,1
star-atlas,30D_PRICE_CHG_PCT,1
star-atlas,30D_VOLUME,1
star-atlas,7D_PRICE_CHG_PCT,1
star-atlas,ATH,1
star-atlas,ATH_CHG_PCT,1
star-atlas,ATH_DATE,1
star-atlas,ATL,1
star-atlas,ATL_CHG_PCT,1
star-atlas,ATL_DATE,1
star-atlas,CIRC_SUPPLY,1
star-atlas,CMC,1
star-atlas,FDMC,1
star-atlas,FDV,1
star-atlas,MAX_SUPPLY,1
star-atlas,MC,1
star-atlas,NEW_TWITTER_FOLLOWERS,1
star-atlas,PRICE,1
star-atlas,TOT_SUPPLY,1
star-atlas,TWITTER_FOLLOWERS,1
star-atlas,WEEKLY_COMMITS_CORE,1
star-atlas,WEEKLY_DEVS_CORE,1
star-atlas-dao,24H_MC_CHG,1
star-atlas-dao,24H_MC_CHG_PCT,1
star-atlas-dao,24H_PRICE_CHG,1
star-atlas-dao,24H_PRICE_CHG_PCT,1
star-atlas-dao,24H_PRICE_HIGH,1
star-atlas-dao,24H_PRICE_LOW,1
star-atlas-dao,24H_VOLUME,1
star-atlas-dao,30D_PRICE_CHG_PCT,1
star-atlas-dao,30D_VOLUME,1
star-atlas-dao,7D_PRICE_CHG_PCT,1
star-atlas-dao,ATH,1
star-atlas-dao,ATH_CHG_PCT,1
star-atlas-dao,ATH_DATE,1
star-atlas-dao,ATL,1
star-atlas-dao,ATL_CHG_PCT,1
star-atlas-dao,ATL_DATE,1
star-atlas-dao,CIRC_SUPPLY,1
star-atlas-dao,CMC,1
star-atlas-dao,FDMC,1
star-atlas-dao,FDV,1
star-atlas-dao,MAX_SUPPLY,1
star-atlas-dao,MC,1
star-atlas-dao,NEW_TWITTER_FOLLOWERS,1
star-atlas-dao,PRICE,1
star-atlas-dao,TOT_SUPPLY,1
star-atlas-dao,TWITTER_FOLLOWERS,1
stargate,24H_MC_CHG,1
stargate,24H_MC_CHG_PCT,1
stargate,24H_PRICE_CHG,1
stargate,24H_PRICE_CHG_PCT,1
stargate,24H_PRICE_HIGH,1
stargate,24H_PRICE_LOW,1
stargate,24H_VOLUME,1
stargate,30D_PRICE_CHG_PCT,1
stargate,30D_VOLUME,1
stargate,7D_PRICE_CHG_PCT,1
stargate,ATH,1
stargate,ATH_CHG_PCT,1
stargate,ATH_DATE,1
stargate,ATL,1
stargate,ATL_CHG_PCT,1
stargate,ATL_DATE,1
stargate,BRIDGE_VOLUME,1
stargate,CIRC_SUPPLY,1
stargate,CMC,1
stargate,FDMC,1
stargate,FDV,1
stargate,FEES,1
stargate,MAX_SUPPLY,1
stargate,MC,1
stargate,PRICE,1
stargate,REVENUE,1
stargate,TOT_SUPPLY,1
stargate,TVL,1
stargate,WEEKLY_COMMITS_CORE,1
stargate,WEEKLY_DEVS_CORE,1
starknet,DAILY_TXNS,1
starknet,DAU,1
starknet,DEX_VOLUMES,1
starknet,FEES,1
starknet,GAS_USD,1
starknet,NEW_TWITTER_FOLLOWERS,1
starknet,REVENUE,1
starknet,STABLECOIN_GROWTH,1
starknet,STABLECOIN_MC,1
starknet,TVL,1
starknet,TWITTER_FOLLOWERS,1
starknet,WEEKLY_COMMITS_CORE,1
starknet,WEEKLY_COMMITS_SUB,1
starknet,WEEKLY_DEVS_CORE,1
starknet,WEEKLY_DEVS_SUB,1
starknet_bridge,BRIDGE_DAU,1
starknet_bridge,BRIDGE_VOLUME,1
starknet_bridge,CUMULATIVE_NET_FLOW,1
starknet_bridge,INFLOW,1
starknet_bridge,OUTFLOW,1
starknet_bridge,TVL,1
stride,24H_MC_CHG,1
stride,24H_MC_CHG_PCT,1
stride,24H_PRICE_CHG,1
stride,24H_PRICE_CHG_PCT,1
stride,24H_PRICE_HIGH,1
stride,24H_PRICE_LOW,1
stride,24H_VOLUME,1
stride,30D_PRICE_CHG_PCT,1
stride,30D_VOLUME,1
stride,7D_PRICE_CHG_PCT,1
stride,ATH,1
stride,ATH_CHG_PCT,1
stride,ATH_DATE,1
stride,ATL,1
stride,ATL_CHG_PCT,1
stride,ATL_DATE,1
stride,CIRC_SUPPLY,1
stride,CMC,1
stride,DAILY_TXNS,1
stride,DAU,1
stride,FDMC,1
stride,FDV,1
stride,GAS_USD,1
stride,MAX_SUPPLY,1
stride,MC,1
stride,PRICE,1
stride,TOT_SUPPLY,1
stride,TVL,1
stride,WEEKLY_COMMITS_CORE,1
stride,WEEKLY_DEVS_CORE,1
sui,24H_MC_CHG,1
sui,24H_MC_CHG_PCT,1
sui,24H_PRICE_CHG,1
sui,24H_PRICE_CHG_PCT,1
sui,24H_PRICE_HIGH,1
sui,24H_PRICE_LOW,1
sui,24H_VOLUME,1
sui,30D_PRICE_CHG_PCT,1
sui,30D_VOLUME,1
sui,7D_PRICE_CHG_PCT,1
sui,ATH,1
sui,ATH_CHG_PCT,1
sui,ATH_DATE,1
sui,ATL,1
sui,ATL_CHG_PCT,1
sui,ATL_DATE,1
sui,CIRC_SUPPLY,1
sui,CMC,1
sui,DAILY_TXNS,1
sui,DAU,1
sui,DEX_VOLUMES,1
sui,FDMC,1
sui,FDV,1
sui,FEES,1
sui,MAX_SUPPLY,1
sui,MC,1
sui,NEW_TWITTER_FOLLOWERS,1
sui,PRICE,1
sui,REVENUE,1
sui,TOT_SUPPLY,1
sui,TVL,1
sui,TWITTER_FOLLOWERS,1
sui,WEEKLY_COMMITS_CORE,1
sui,WEEKLY_COMMITS_SUB,1
sui,WEEKLY_DEVS_CORE,1
sui,WEEKLY_DEVS_SUB,1
sushiswap,24H_MC_CHG,1
sushiswap,24H_MC_CHG_PCT,1
sushiswap,24H_PRICE_CHG,1
sushiswap,24H_PRICE_CHG_PCT,1
sushiswap,24H_PRICE_HIGH,1
sushiswap,24H_PRICE_LOW,1
sushiswap,24H_VOLUME,1
sushiswap,30D_PRICE_CHG_PCT,1
sushiswap,30D_VOLUME,1
sushiswap,7D_PRICE_CHG_PCT,1
sushiswap,ATH,1
sushiswap,ATH_CHG_PCT,1
sushiswap,ATH_DATE,1
sushiswap,ATL,1
sushiswap,ATL_CHG_PCT,1
sushiswap,ATL_DATE,1
sushiswap,CIRC_SUPPLY,1
sushiswap,CMC,1
sushiswap,FDMC,1
sushiswap,FDV,1
sushiswap,FEES,1
sushiswap,MAX_SUPPLY,1
sushiswap,MC,1
sushiswap,PRICE,1
sushiswap,TOT_SUPPLY,1
sushiswap,TRADING_VOLUME,1
sushiswap,TVL,1
sushiswap,UNIQUE_TRADERS,1
sushiswap,WEEKLY_COMMITS_CORE,1
sushiswap,WEEKLY_COMMITS_SUB,1
sushiswap,WEEKLY_DEVS_CORE,1
sushiswap,WEEKLY_DEVS_SUB,1
synapse,24H_MC_CHG,1
synapse,24H_MC_CHG_PCT,1
synapse,24H_PRICE_CHG,1
synapse,24H_PRICE_CHG_PCT,1
synapse,24H_PRICE_HIGH,1
synapse,24H_PRICE_LOW,1
synapse,24H_VOLUME,1
synapse,30D_PRICE_CHG_PCT,1
synapse,30D_VOLUME,1
synapse,7D_PRICE_CHG_PCT,1
synapse,ATH,1
synapse,ATH_CHG_PCT,1
synapse,ATH_DATE,1
synapse,ATL,1
synapse,ATL_CHG_PCT,1
synapse,ATL_DATE,1
synapse,BRIDGE_DAU,1
synapse,BRIDGE_VOLUME,1
synapse,CIRC_SUPPLY,1
synapse,CMC,1
synapse,FDMC,1
synapse,FDV,1
synapse,FEES,1
synapse,INFLOW,1
synapse,MAX_SUPPLY,1
synapse,MC,1
synapse,OUTFLOW,1
synapse,PRICE,1
synapse,REVENUE,1
synapse,TOT_SUPPLY,1
synapse,TVL,1
synapse,WEEKLY_COMMITS_CORE,1
synapse,WEEKLY_DEVS_CORE,1
synthetix,24H_MC_CHG,1
synthetix,24H_MC_CHG_PCT,1
synthetix,24H_PRICE_CHG,1
synthetix,24H_PRICE_CHG_PCT,1
synthetix,24H_PRICE_HIGH,1
synthetix,24H_PRICE_LOW,1
synthetix,24H_VOLUME,1
synthetix,30D_PRICE_CHG_PCT,1
synthetix,30D_VOLUME,1
synthetix,7D_PRICE_CHG_PCT,1
synthetix,ATH,1
synthetix,ATH_CHG_PCT,1
synthetix,ATH_DATE,1
synthetix,ATL,1
synthetix,ATL_CHG_PCT,1
synthetix,ATL_DATE,1
synthetix,CIRC_SUPPLY,1
synthetix,CMC,1
synthetix,FDMC,1
synthetix,FDV,1
synthetix,FEES,1
synthetix,MAX_SUPPLY,1
synthetix,MC,1
synthetix,PRICE,1
synthetix,REVENUE,1
synthetix,TOT_SUPPLY,1
synthetix,TRADING_VOLUME,1
synthetix,TVL,1
synthetix,UNIQUE_TRADERS,1
synthetix,WEEKLY_COMMITS_CORE,1
synthetix,WEEKLY_COMMITS_SUB,1
synthetix,WEEKLY_DEVS_CORE,1
synthetix,WEEKLY_DEVS_SUB,1
the-sandbox,24H_MC_CHG,1
the-sandbox,24H_MC_CHG_PCT,1
the-sandbox,24H_PRICE_CHG,1
the-sandbox,24H_PRICE_CHG_PCT,1
the-sandbox,24H_PRICE_HIGH,1
the-sandbox,24H_PRICE_LOW,1
the-sandbox,24H_VOLUME,1
the-sandbox,30D_PRICE_CHG_PCT,1
the-sandbox,30D_VOLUME,1
the-sandbox,7D_PRICE_CHG_PCT,1
the-sandbox,ATH,1
the-sandbox,ATH_CHG_PCT,1
the-sandbox,ATH_DATE,1
the-sandbox,ATL,1
the-sandbox,ATL_CHG_PCT,1
the-sandbox,ATL_DATE,1
the-sandbox,CIRC_SUPPLY,1
the-sandbox,CMC,1
the-sandbox,FDMC,1
the-sandbox,FDV,1
the-sandbox,MAX_SUPPLY,1
the-sandbox,MC,1
the-sandbox,NEW_TWITTER_FOLLOWERS,1
the-sandbox,PRICE,1
the-sandbox,TOT_SUPPLY,1
the-sandbox,TVL,1
the-sandbox,TWITTER_FOLLOWERS,1
the-sandbox,WEEKLY_COMMITS_CORE,1
the-sandbox,WEEKLY_DEVS_CORE,1
total,MC,1
trader_joe,24H_MC_CHG,1
trader_joe,24H_MC_CHG_PCT,1
trader_joe,24H_PRICE_CHG,1
trader_joe,24H_PRICE_CHG_PCT,1
trader_joe,24H_PRICE_HIGH,1
trader_joe,24H_PRICE_LOW,1
trader_joe,24H_VOLUME,1
trader_joe,30D_PRICE_CHG_PCT,1
trader_joe,30D_VOLUME,1
trader_joe,7D_PRICE_CHG_PCT,1
trader_joe,ATH,1
trader_joe,ATH_CHG_PCT,1
trader_joe,ATH_DATE,1
trader_joe,ATL,1
trader_joe,ATL_CHG_PCT,1
trader_joe,ATL_DATE,1
trader_joe,CIRC_SUPPLY,1
trader_joe,CMC,1
trader_joe,FDMC,1
trader_joe,FDV,1
trader_joe,FEES,1
trader_joe,MAX_SUPPLY,1
trader_joe,MC,1
trader_joe,PRICE,1
trader_joe,TOT_SUPPLY,1
trader_joe,TRADING_VOLUME,1
trader_joe,TVL,1
trader_joe,UNIQUE_TRADERS,1
trader_joe,WEEKLY_COMMITS_CORE,1
trader_joe,WEEKLY_COMMITS_SUB,1
trader_joe,WEEKLY_DEVS_CORE,1
trader_joe,WEEKLY_DEVS_SUB,1
tron,24H_MC_CHG,1
tron,24H_MC_CHG_PCT,1
tron,24H_PRICE_CHG,1
tron,24H_PRICE_CHG_PCT,1
tron,24H_PRICE_HIGH,1
tron,24H_PRICE_LOW,1
tron,24H_VOLUME,1
tron,30D_PRICE_CHG_PCT,1
tron,30D_VOLUME,1
tron,7D_PRICE_CHG_PCT,1
tron,ATH,1
tron,ATH_CHG_PCT,1
tron,ATH_DATE,1
tron,ATL,1
tron,ATL_CHG_PCT,1
tron,ATL_DATE,1
tron,CIRC_SUPPLY,1
tron,CMC,1
tron,DAILY_TXNS,1
tron,DAU,1
tron,DEX_VOLUMES,1
tron,FDMC,1
tron,FDV,1
tron,FEES,1
tron,MAX_SUPPLY,1
tron,MC,1
tron,NEW_TWITTER_FOLLOWERS,1
tron,PRICE,1
tron,REVENUE,1
tron,STABLECOIN_GROWTH,1
tron,STABLECOIN_MC,1
tron,TOT_SUPPLY,1
tron,TVL,1
tron,TWITTER_FOLLOWERS,1
tron,WEEKLY_COMMITS_CORE,1
tron,WEEKLY_COMMITS_SUB,1
tron,WEEKLY_DEVS_CORE,1
tron,WEEKLY_DEVS_SUB,1
unicorn-milk,24H_MC_CHG,1
unicorn-milk,24H_MC_CHG_PCT,1
unicorn-milk,24H_PRICE_CHG,1
unicorn-milk,24H_PRICE_CHG_PCT,1
unicorn-milk,24H_PRICE_HIGH,1
unicorn-milk,24H_PRICE_LOW,1
unicorn-milk,24H_VOLUME,1
unicorn-milk,30D_PRICE_CHG_PCT,1
unicorn-milk,30D_VOLUME,1
unicorn-milk,7D_PRICE_CHG_PCT,1
unicorn-milk,ATH,1
unicorn-milk,ATH_CHG_PCT,1
unicorn-milk,ATH_DATE,1
unicorn-milk,ATL,1
unicorn-milk,ATL_CHG_PCT,1
unicorn-milk,ATL_DATE,1
unicorn-milk,CIRC_SUPPLY,1
unicorn-milk,CMC,1
unicorn-milk,FDMC,1
unicorn-milk,FDV,1
unicorn-milk,MAX_SUPPLY,1
unicorn-milk,MC,1
unicorn-milk,NEW_TWITTER_FOLLOWERS,1
unicorn-milk,PRICE,1
unicorn-milk,TOT_SUPPLY,1
unicorn-milk,TWITTER_FOLLOWERS,1
uniswap,24H_MC_CHG,1
uniswap,24H_MC_CHG_PCT,1
uniswap,24H_PRICE_CHG,1
uniswap,24H_PRICE_CHG_PCT,1
uniswap,24H_PRICE_HIGH,1
uniswap,24H_PRICE_LOW,1
uniswap,24H_VOLUME,1
uniswap,30D_PRICE_CHG_PCT,1
uniswap,30D_VOLUME,1
uniswap,7D_PRICE_CHG_PCT,1
uniswap,ATH,1
uniswap,ATH_CHG_PCT,1
uniswap,ATH_DATE,1
uniswap,ATL,1
uniswap,ATL_CHG_PCT,1
uniswap,ATL_DATE,1
uniswap,CIRC_SUPPLY,1
uniswap,CMC,1
uniswap,FDMC,1
uniswap,FDV,1
uniswap,FEES,1
uniswap,MAX_SUPPLY,1
uniswap,MC,1
uniswap,PRICE,1
uniswap,TOT_SUPPLY,1
uniswap,TRADING_VOLUME,1
uniswap,TVL,1
uniswap,UNIQUE_TRADERS,1
uniswap,WEEKLY_COMMITS_CORE,1
uniswap,WEEKLY_COMMITS_SUB,1
uniswap,WEEKLY_DEVS_CORE,1
uniswap,WEEKLY_DEVS_SUB,1
uwulend,24H_MC_CHG,1
uwulend,24H_MC_CHG_PCT,1
uwulend,24H_PRICE_CHG,1
uwulend,24H_PRICE_CHG_PCT,1
uwulend,24H_PRICE_HIGH,1
uwulend,24H_PRICE_LOW,1
uwulend,24H_VOLUME,1
uwulend,30D_PRICE_CHG_PCT,1
uwulend,30D_VOLUME,1
uwulend,7D_PRICE_CHG_PCT,1
uwulend,ATH,1
uwulend,ATH_CHG_PCT,1
uwulend,ATH_DATE,1
uwulend,ATL,1
uwulend,ATL_CHG_PCT,1
uwulend,ATL_DATE,1
uwulend,BORROWS,1
uwulend,CIRC_SUPPLY,1
uwulend,CMC,1
uwulend,DEPOSITS,1
uwulend,FDMC,1
uwulend,FDV,1
uwulend,MAX_SUPPLY,1
uwulend,MC,1
uwulend,PRICE,1
uwulend,TOT_SUPPLY,1
uwulend,TVL,1
venus,24H_MC_CHG,1
venus,24H_MC_CHG_PCT,1
venus,24H_PRICE_CHG,1
venus,24H_PRICE_CHG_PCT,1
venus,24H_PRICE_HIGH,1
venus,24H_PRICE_LOW,1
venus,24H_VOLUME,1
venus,30D_PRICE_CHG_PCT,1
venus,30D_VOLUME,1
venus,7D_PRICE_CHG_PCT,1
venus,ATH,1
venus,ATH_CHG_PCT,1
venus,ATH_DATE,1
venus,ATL,1
venus,ATL_CHG_PCT,1
venus,ATL_DATE,1
venus,BORROWS,1
venus,CIRC_SUPPLY,1
venus,CMC,1
venus,DEPOSITS,1
venus,FDMC,1
venus,FDV,1
venus,MAX_SUPPLY,1
venus,MC,1
venus,PRICE,1
venus,TOT_SUPPLY,1
venus,WEEKLY_COMMITS_CORE,1
venus,WEEKLY_DEVS_CORE,1
vertex,24H_MC_CHG,1
vertex,24H_MC_CHG_PCT,1
vertex,24H_PRICE_CHG,1
vertex,24H_PRICE_CHG_PCT,1
vertex,24H_PRICE_HIGH,1
vertex,24H_PRICE_LOW,1
vertex,24H_VOLUME,1
vertex,30D_PRICE_CHG_PCT,1
vertex,30D_VOLUME,1
vertex,7D_PRICE_CHG_PCT,1
vertex,ATH,1
vertex,ATH_CHG_PCT,1
vertex,ATH_DATE,1
vertex,ATL,1
vertex,ATL_CHG_PCT,1
vertex,ATL_DATE,1
vertex,CIRC_SUPPLY,1
vertex,CMC,1
vertex,DEX_VOLUMES,1
vertex,FDMC,1
vertex,FDV,1
vertex,FEES,1
vertex,MAX_SUPPLY,1
vertex,MC,1
vertex,PRICE,1
vertex,REVENUE,1
vertex,TOT_SUPPLY,1
vertex,TRADING_VOLUME,1
vertex,TVL,1
vertex,UNIQUE_TRADERS,1
vertex,WEEKLY_COMMITS_CORE,1
vertex,WEEKLY_DEVS_CORE,1
wormhole,BRIDGE_DAU,1
wormhole,BRIDGE_VOLUME,1
wormhole,FEES,1
wormhole,INFLOW,1
wormhole,OUTFLOW,1
wormhole,TVL,1
wormhole,WEEKLY_COMMITS_CORE,1
wormhole,WEEKLY_COMMITS_SUB,1
wormhole,WEEKLY_DEVS_CORE,1
wormhole,WEEKLY_DEVS_SUB,1
yield-guild-games,24H_MC_CHG,1
yield-guild-games,24H_MC_CHG_PCT,1
yield-guild-games,24H_PRICE_CHG,1
yield-guild-games,24H_PRICE_CHG_PCT,1
yield-guild-games,24H_PRICE_HIGH,1
yield-guild-games,24H_PRICE_LOW,1
yield-guild-games,24H_VOLUME,1
yield-guild-games,30D_PRICE_CHG_PCT,1
yield-guild-games,30D_VOLUME,1
yield-guild-games,7D_PRICE_CHG_PCT,1
yield-guild-games,ATH,1
yield-guild-games,ATH_CHG_PCT,1
yield-guild-games,ATH_DATE,1
yield-guild-games,ATL,1
yield-guild-games,ATL_CHG_PCT,1
yield-guild-games,ATL_DATE,1
yield-guild-games,CIRC_SUPPLY,1
yield-guild-games,CMC,1
yield-guild-games,FDMC,1
yield-guild-games,FDV,1
yield-guild-games,MAX_SUPPLY,1
yield-guild-games,MC,1
yield-guild-games,NEW_TWITTER_FOLLOWERS,1
yield-guild-games,PRICE,1
yield-guild-games,TOT_SUPPLY,1
yield-guild-games,TWITTER_FOLLOWERS,1
zcash,24H_MC_CHG,1
zcash,24H_MC_CHG_PCT,1
zcash,24H_PRICE_CHG,1
zcash,24H_PRICE_CHG_PCT,1
zcash,24H_PRICE_HIGH,1
zcash,24H_PRICE_LOW,1
zcash,24H_VOLUME,1
zcash,30D_PRICE_CHG_PCT,1
zcash,30D_VOLUME,1
zcash,7D_PRICE_CHG_PCT,1
zcash,ATH,1
zcash,ATH_CHG_PCT,1
zcash,ATH_DATE,1
zcash,ATL,1
zcash,ATL_CHG_PCT,1
zcash,ATL_DATE,1
zcash,CIRC_SUPPLY,1
zcash,CMC,1
zcash,DAILY_TXNS,1
zcash,FDMC,1
zcash,FDV,1
zcash,GAS_USD,1
zcash,MAX_SUPPLY,1
zcash,MC,1
zcash,PRICE,1
zcash,TOT_SUPPLY,1
zcash,WEEKLY_COMMITS_CORE,1
zcash,WEEKLY_COMMITS_SUB,1
zcash,WEEKLY_DEVS_CORE,1
zcash,WEEKLY_DEVS_SUB,1
zksync,DAILY_TXNS,1
zksync,DAU,1
zksync,DEX_VOLUMES,1
zksync,FEES,1
zksync,NEW_TWITTER_FOLLOWERS,1
zksync,REVENUE,1
zksync,STABLECOIN_GROWTH,1
zksync,STABLECOIN_MC,1
zksync,TVL,1
zksync,TWITTER_FOLLOWERS,1
zksync,WEEKLY_COMMITS_CORE,1
zksync,WEEKLY_COMMITS_SUB,1
zksync,WEEKLY_DEVS_CORE,1
zksync,WEEKLY_DEVS_SUB,1
zksync_era_bridge,BRIDGE_DAU,1
zksync_era_bridge,BRIDGE_VOLUME,1
zksync_era_bridge,CUMULATIVE_NET_FLOW,1
zksync_era_bridge,INFLOW,1
zksync_era_bridge,OUTFLOW,1
zksync_era_bridge,TVL,1
zora,DAILY_TXNS,1
zora,DAU,1
zora,FEES,1
zora,NEW_TWITTER_FOLLOWERS,1
zora,REVENUE,1
zora,TWITTER_FOLLOWERS,1
zora,WEEKLY_COMMITS_CORE,1
zora,WEEKLY_COMMITS_SUB,1
zora,WEEKLY_CONTRACTS_DEPLOYED,1
zora,WEEKLY_DEVS_CORE,1
zora,WEEKLY_DEVS_SUB,1
zora,WEEKLY_UNIQUE_CONTRACT_DEPLOYERS,1
